,cellosaurus_id,standard_drug_name,dataset,info,n_dosage,min_dosage,max_dosage,IC50,IC90,EC50,Einf,AUC,fitted_mae
0,CAS-1,(5Z)-7-Oxozeaenol,All,GDSC1,5,0.0390625,10.0,2.43748,6.61259,0.891772,0.614307,22.074,0.0534053
1,CAS-1,16-beta-bromoandrosterone,All,CTRP2,16,0.0011,37.0,4.53277,7.74552,3.34117,0.613675,9.24722,0.0984663
2,CAS-1,"1S,3R-RSL-3",All,CTRP2,16,0.001,33.0,-3.02171,-0.930582,-3.02211,0.999792,53.7346,0.0442987
3,CAS-1,3-Cl-AHPC,All,CTRP2,16,0.002,66.0,6.99896,21.7334,-1.01948,0.464473,23.9484,0.0833191
4,CAS-1,5-Fluorouracil,All,"GDSC2,GDSC1",22,0.0200105,32.0,6.80111,8.2903,4.50685,0.0655316,0.431612,0.120191
5,CAS-1,968,All,CTRP2,16,0.002,66.0,7.88759,9.46857,5.5184,0.0716484,0.356383,0.151279
6,CAS-1,A-443654,All,GDSC1,9,0.004,1.024,0.788028,7.23511,-2.95892,0.436124,19.2021,0.0881428
7,CAS-1,A-770041,All,GDSC1,9,0.02,5.12,6.54952,21.5479,-4.00956,0.351074,23.6783,0.0896086
8,CAS-1,A-83-01,All,GDSC1,9,0.078125,20.0,5.02572,9.09483,2.49361,0.406119,11.8528,0.120758
9,CAS-1,ABT737,All,"CTRP2,GDSC2",23,0.0011,37.0,5.08392,6.46114,4.47615,0.549902,3.32741,0.0828615
10,CAS-1,AC55649,All,CTRP2,16,0.001,33.0,6.22603,13.0196,1.99362,0.405603,10.6063,0.0925889
11,CAS-1,Acetalax,All,GDSC2,7,0.0300158,30.0,6.06039,7.96347,4.19915,0.208863,2.0363,0.083715
12,CAS-1,ACY-1215,All,GDSC1,9,0.078125,20.0,1.66631,4.17698,1.46204,0.910852,34.3966,0.0744321
13,CAS-1,AEW541,All,CCLE,8,0.0025,8.0,3.37622,7.2344,1.18759,0.446639,8.90767,0.0828212
14,CAS-1,Afatinib,All,"CTRP2,GDSC2,GDSC1",44,0.00195312,66.0,3.16677,4.65008,3.14801,0.98611,19.1903,0.0800281
15,CAS-1,Afuresertib,All,GDSC2,7,0.0100053,10.0,3.72805,10.0534,0.288346,0.46479,17.2817,0.122849
16,CAS-1,AGI-5198,All,GDSC2,7,0.0100053,10.0,5.34711,6.77708,2.8565,0.0426225,0.284469,0.0993466
17,CAS-1,AGI-6780,All,"GDSC2,GDSC1",16,0.002,10.0,4.22669,6.03247,2.62585,0.249572,1.9203,0.0661534
18,CAS-1,AGK-2,All,CTRP2,16,0.001,33.0,4.12115,5.2713,3.96686,0.853678,6.70248,0.090678
19,CAS-1,AICA Ribonucleotide,All,GDSC1,9,7.8125,2000.0,11.9813,13.8497,10.2564,0.232518,2.8128,0.0919466
20,CAS-1,AKT inhibitor VIII,All,GDSC1,11,0.01,10.24,3.53016,5.7635,2.29423,0.457304,6.21206,0.0784429
21,CAS-1,Alectinib,All,GDSC1,9,0.02,5.12,4.73266,13.2581,-1.26381,0.351492,17.7708,0.0766021
22,CAS-1,Alisertib,All,"CTRP2,GDSC2,GDSC1",32,0.002,66.0,6.8517,16.8949,1.2764,0.455959,17.595,0.0878684
23,CAS-1,alisertib:navitoclax (2:1 mol/mol),All,CTRP2,16,0.0015,50.0,4.16372,18.249,-1.93106,0.557468,29.9143,0.085071
24,CAS-1,Alpelisib,All,GDSC2,7,0.00500264,5.0,3.72905,5.29713,1.77923,0.122208,0.93349,0.09325
25,CAS-1,AMG-319,All,GDSC2,7,0.0100053,10.0,4.07048,6.5186,2.29622,0.338085,4.61272,0.0710062
26,CAS-1,Amuvatinib,All,GDSC1,9,0.078125,20.0,6.40264,19.9403,-1.82824,0.416366,27.7689,0.0982603
27,CAS-1,apicidin,All,CTRP2,16,0.001,33.0,1.39481,4.87371,1.10678,0.909293,25.309,0.0724661
28,CAS-1,Apitolisib,All,GDSC1,9,0.078125,20.0,0.0018635,9.71118,-2.47708,0.726638,51.6959,0.0495916
29,CAS-1,AR-42,All,GDSC1,9,0.02,5.12,0.0501781,2.23149,-0.127507,0.910747,29.9447,0.045841
30,CAS-1,Ara-G,All,GDSC1,9,0.078125,20.0,5.75757,8.49867,3.27399,0.240345,4.27858,0.0991018
31,CAS-1,ARRY-520,All,GDSC1,9,0.001,0.256,-0.200615,13.8937,-8.47679,0.431636,29.4765,0.0573299
32,CAS-1,AS601245,All,GDSC1,9,0.03125,8.0,2.94212,6.77482,1.06414,0.508295,15.2498,0.0688052
33,CAS-1,AS605240,All,GDSC1,9,0.078125,20.0,4.63281,6.47004,3.49467,0.408106,5.48081,0.0894106
34,CAS-1,ASN 05257430,All,CTRP2,16,0.0011,37.0,6.60482,9.11223,4.26173,0.227453,1.95836,0.054151
35,CAS-1,AST-1306,All,GDSC1,9,0.078125,20.0,2.40963,3.91259,2.3308,0.94244,24.4095,0.121941
36,CAS-1,AT-7519,All,GDSC1,9,0.04,10.24,3.3309,9.12438,0.450959,0.502394,21.4401,0.0946234
37,CAS-1,AT13148,All,GDSC2,7,0.0100053,10.0,1.44383,5.83707,0.288901,0.71896,25.1188,0.0681024
38,CAS-1,AT7867,All,GDSC1,9,0.078125,20.0,1.8382,4.65243,1.5144,0.874263,32.9836,0.081806
39,CAS-1,austocystin D,All,CTRP2,16,0.0011,37.0,5.49647,10.1042,2.99698,0.465837,8.73511,0.118523
40,CAS-1,Avagacestat,All,GDSC1,18,0.0195312,10.24,7.03987,18.8266,-1.56611,0.334767,18.9014,0.119915
41,CAS-1,Axitinib,All,GDSC1,9,0.0078125,2.0,1.32874,3.08666,0.21636,0.398697,5.08666,0.0891942
42,CAS-1,AZ-3146,All,CTRP2,11,0.0041,66.0,4.53282,5.43213,4.51293,0.975711,10.8886,0.0891585
43,CAS-1,AZ20,All,GDSC1,9,0.0390625,10.0,1.8521,5.27402,0.955577,0.719862,24.4798,0.101333
44,CAS-1,AZ6102,All,GDSC2,7,0.0100053,10.0,2.44045,8.65866,-0.112474,0.577245,23.3271,0.121566
45,CAS-1,AZ628,All,GDSC1,9,0.015625,4.0,5.05447,18.3444,-3.78758,0.376367,24.4277,0.0669472
46,CAS-1,AZ960,All,GDSC2,7,0.0100053,10.0,1.23421,4.13964,0.777601,0.829039,23.404,0.0524076
47,CAS-1,azacitidine,All,CTRP2,11,0.002,66.0,7.19581,11.5538,4.18026,0.358813,5.86888,0.0714539
48,CAS-1,AZD-7545,All,CTRP2,16,0.0023,74.0,8.0561,9.44523,5.75442,0.05113,0.221597,0.1605
49,CAS-1,AZD1208,All,"GDSC2,GDSC1",11,0.0100053,10.0,5.50622,7.22705,2.75535,0.0579217,0.46894,0.0662214
50,CAS-1,AZD1332,All,"GDSC2,GDSC1",11,0.0100053,10.0,1.94426,7.35751,0.0660379,0.636266,24.2573,0.0740369
51,CAS-1,AZD1480,All,GDSC1,5,0.00976562,2.5,1.20429,3.90136,-0.0670875,0.523942,11.3633,0.0586442
52,CAS-1,AZD2014,All,"GDSC2,GDSC1",11,0.0100053,10.0,1.05809,8.2665,-1.221,0.665978,33.0943,0.0620334
53,CAS-1,AZD3514,All,GDSC1,5,0.0390625,10.0,4.1506,8.36785,1.45186,0.393709,11.7654,0.0801895
54,CAS-1,AZD3759,All,GDSC2,8,0.00100053,1.0,1.60592,3.51896,-0.669741,0.136522,1.28249,0.0847657
55,CAS-1,AZD4547,All,"CTRP2,GDSC2,GDSC1",35,0.00100053,66.0,2.92697,7.5253,2.14803,0.816018,22.1027,0.119779
56,CAS-1,AZD4877,All,GDSC1,5,0.000152344,0.039,-0.303539,6.48076,-7.1737,0.19505,7.67969,0.0394834
57,CAS-1,AZD5153,All,GDSC2,7,0.0100053,10.0,3.22412,20.3482,-5.27284,0.503137,35.2777,0.0604728
58,CAS-1,AZD5363,All,GDSC2,7,0.0100053,10.0,3.61514,7.71164,1.36639,0.460763,11.4788,0.0849607
59,CAS-1,AZD5438,All,"GDSC2,GDSC1",11,0.0100053,10.0,2.67438,6.08616,1.36896,0.602772,14.3476,0.0885188
60,CAS-1,AZD5582,All,"GDSC2,GDSC1",11,0.0100053,10.0,4.90405,6.59968,2.73888,0.114038,0.937682,0.0712639
61,CAS-1,AZD5991,All,GDSC2,7,0.0100053,10.0,4.99529,6.39116,2.85918,0.0669804,0.441984,0.187312
62,CAS-1,AZD6094,All,GDSC1,5,0.00976562,2.5,3.1477,5.21755,0.603482,0.125853,1.58351,0.0675817
63,CAS-1,AZD6482,All,"CTRP2,GDSC1",26,0.002,66.0,4.49995,13.8941,0.768304,0.589339,24.1544,0.0802571
64,CAS-1,AZD6738,All,"GDSC2,GDSC1",11,0.0100053,10.0,3.22683,7.75638,1.02496,0.511531,14.6504,0.0914782
65,CAS-1,AZD7762,All,"CTRP2,GDSC2,GDSC1",28,0.0078125,66.0,0.193771,3.83487,0.0994379,0.971545,45.054,0.113447
66,CAS-1,AZD7969,All,GDSC1,5,0.0390625,10.0,3.49427,8.3061,0.971966,0.480336,17.2707,0.0673389
67,CAS-1,AZD8055,All,"CTRP2,GDSC1",18,0.0078125,66.0,2.39837,9.38219,0.835477,0.758981,33.4359,0.105396
68,CAS-1,AZD8186,All,"GDSC2,GDSC1",12,0.00976562,10.0,5.1871,15.464,-1.27344,0.401606,20.4562,0.0752875
69,CAS-1,AZD8835,All,GDSC1,5,0.0390625,10.0,3.90366,10.3023,0.303886,0.450226,19.9146,0.102795
70,CAS-1,AZD8931,All,GDSC1,5,0.0390625,10.0,3.76538,8.87397,0.90626,0.452462,16.7457,0.0671644
71,CAS-1,B02,All,CTRP2,12,0.0041,130.0,4.17922,5.59976,4.1635,0.987843,19.0674,0.0722405
72,CAS-1,BAM7,All,GDSC1,9,0.078125,20.0,4.28088,5.31557,3.79049,0.521781,4.34231,0.0995454
73,CAS-1,bardoxolone methyl,All,CTRP2,16,0.002,66.0,0.535698,1.04239,0.535698,1.0,36.6997,0.22196
74,CAS-1,BAY-61-3606,All,GDSC1,9,0.03125,8.0,1.92399,6.23763,0.415631,0.633691,23.9342,0.0664699
75,CAS-1,BDP-00009066,All,GDSC2,7,0.0100053,10.0,2.91557,5.14962,2.0507,0.598606,9.31283,0.0906755
76,CAS-1,BEC,All,CTRP2,16,0.0081,270.0,9.47875,10.8314,7.61932,0.0930202,0.400043,0.108767
77,CAS-1,Belinostat,All,GDSC1,9,0.078125,20.0,0.833481,2.92371,0.786065,0.975084,43.8024,0.0314921
78,CAS-1,bendamustine,All,CTRP2,16,0.002,66.0,6.79989,12.9698,3.18938,0.433142,10.5513,0.0793114
79,CAS-1,betulinic acid,All,CTRP2,16,0.002,66.0,4.50436,5.03297,4.50356,0.998343,10.2626,0.0797459
80,CAS-1,Bexarotene,All,"CTRP2,GDSC1",18,0.0081,66.0,7.10842,9.65377,5.03064,0.285265,2.99446,0.130768
81,CAS-1,BI-2536,All,"CTRP2,GDSC1",21,0.001,33.0,1.15534,9.68001,-0.980182,0.73153,32.5594,0.1469
82,CAS-1,BIBF-1120,All,GDSC1,9,0.078125,20.0,1.6225,4.50224,1.32482,0.886919,35.4242,0.0923796
83,CAS-1,BIBR-1532,All,"CTRP2,GDSC2",20,0.0081,270.0,7.45358,12.5044,5.32438,0.567369,12.79,0.0562072
84,CAS-1,Bicalutamide,All,GDSC1,14,0.004,10.0,4.59505,7.3558,2.24143,0.266344,3.44703,0.0764978
85,CAS-1,birinapant,All,CTRP2,16,0.002,66.0,7.91037,17.2042,1.93292,0.391467,13.4802,0.0816644
86,CAS-1,BIX02189,All,GDSC1,9,0.078125,20.0,4.95103,9.48503,2.24409,0.424367,13.8547,0.089185
87,CAS-1,blebbistatin,All,CTRP2,16,0.0041,130.0,8.51314,9.7697,6.60525,0.0687051,0.272239,0.126911
88,CAS-1,Bleomycin,All,GDSC1,9,0.25,64.0,5.96295,12.0754,2.93138,0.503329,22.4036,0.0502978
89,CAS-1,Bleomycin (10 uM),All,GDSC1,5,0.0390625,10.0,4.17797,12.6446,-0.646605,0.444688,23.7231,0.0945509
90,CAS-1,Bleomycin (50 uM),All,GDSC1,5,0.195312,50.0,6.18203,15.212,1.30054,0.467309,26.293,0.0545678
91,CAS-1,bleomycin A2,All,CTRP2,16,0.002,66.0,5.21639,16.9272,-0.101521,0.53876,25.0788,0.181157
92,CAS-1,BMS-195614,All,CTRP2,16,0.002,66.0,6.55259,9.0843,4.92436,0.391491,3.81317,0.118182
93,CAS-1,BMS-270394,All,CTRP2,16,0.002,66.0,7.18125,8.85838,5.43377,0.184012,1.0341,0.10219
94,CAS-1,BMS-345541,All,"GDSC2,GDSC1",16,0.0100053,16.0,4.09192,4.96537,3.59161,0.442451,2.18205,0.071416
95,CAS-1,BMS-509744,All,GDSC1,9,0.04,10.24,4.38514,7.73755,1.95236,0.337507,7.80148,0.111107
96,CAS-1,BMS-536924,All,"GDSC2,GDSC1",21,0.0100053,10.0,2.62887,3.96011,2.3302,0.758395,8.63637,0.105575
97,CAS-1,BMS-754807,All,"CTRP2,GDSC1",23,0.001,33.0,2.27938,5.46376,1.90272,0.870778,19.7548,0.0889997
98,CAS-1,Bortezomib,All,"CTRP2,GDSC2,GDSC1",25,1.6e-05,0.13,-6.97117,-2.69492,-7.40932,0.887908,32.6432,0.205818
99,CAS-1,Bosutinib,All,"CTRP2,GDSC1",24,0.002,66.0,2.48037,4.04135,2.47101,0.993417,23.7753,0.123273
100,CAS-1,BPD-00008900,All,GDSC2,7,0.0100053,10.0,4.91533,6.23137,2.88618,0.0653562,0.406253,0.133612
101,CAS-1,BPTES,All,GDSC1,5,0.0390625,10.0,4.54258,6.94574,2.39792,0.246744,3.87086,0.0565901
102,CAS-1,BRD-A02303741,All,CTRP2,16,0.0017,55.0,7.28461,13.8739,2.90925,0.377242,9.39819,0.103149
103,CAS-1,BRD-A02303741:carboplatin (1:1 mol/mol),All,CTRP2,16,0.002,66.0,6.84803,9.7769,4.79805,0.353683,3.87598,0.0779405
104,CAS-1,BRD-A02303741:navitoclax (2:1 mol/mol),All,CTRP2,16,0.0015,50.0,5.8787,16.2964,0.512007,0.48762,19.8634,0.127246
105,CAS-1,BRD-A71883111,All,CTRP2,16,0.001,33.0,6.99922,8.39377,4.59004,0.0439407,0.190004,0.08723
106,CAS-1,BRD-A94377914,All,CTRP2,16,0.001,33.0,3.00759,11.5,-0.00590621,0.628778,24.6345,0.0785706
107,CAS-1,BRD-K02251932,All,CTRP2,16,0.002,66.0,7.43843,8.78533,5.58875,0.0932875,0.399934,0.100144
108,CAS-1,BRD-K02492147,All,CTRP2,16,0.002,66.0,7.70833,8.94649,5.63928,0.0496031,0.190996,0.15226
109,CAS-1,BRD-K03536150,All,CTRP2,16,0.002,66.0,6.50756,10.9737,3.9543,0.443279,7.92456,0.122142
110,CAS-1,BRD-K03911514,All,CTRP2,16,0.002,66.0,7.54491,11.0653,4.64707,0.281601,3.5299,0.0935791
111,CAS-1,BRD-K04800985,All,CTRP2,16,0.002,66.0,7.73078,8.96122,5.64262,0.0469125,0.179259,0.0772065
112,CAS-1,BRD-K07442505,All,CTRP2,16,0.002,66.0,7.31874,12.1066,3.99844,0.357825,6.42134,0.115259
113,CAS-1,BRD-K11533227,All,CTRP2,16,0.002,66.0,6.52291,10.4434,4.22983,0.433354,6.75021,0.0944365
114,CAS-1,BRD-K13185470,All,CTRP2,16,0.002,66.0,7.8438,9.22903,5.5895,0.0544664,0.235232,0.0627265
115,CAS-1,BRD-K13999467,All,CTRP2,16,0.002,66.0,7.70564,9.10737,5.57903,0.0688792,0.303316,0.107454
116,CAS-1,BRD-K14844214,All,CTRP2,16,0.002,66.0,7.5263,8.82128,5.6125,0.0748559,0.305503,0.117713
117,CAS-1,BRD-K16130065,All,CTRP2,16,0.002,66.0,6.40419,8.727,4.98987,0.415727,3.78477,0.0696795
118,CAS-1,BRD-K16147474,All,CTRP2,16,0.002,66.0,7.68594,10.1247,5.15528,0.185585,1.518,0.0748105
119,CAS-1,BRD-K17060750,All,CTRP2,16,0.002,66.0,7.7763,8.92668,5.672,0.0353002,0.125354,0.119557
120,CAS-1,BRD-K19103580,All,CTRP2,16,0.002,66.0,5.5857,6.18015,5.50111,0.844938,3.35961,0.0622052
121,CAS-1,BRD-K20514654,All,CTRP2,14,0.002,66.0,8.08786,9.5611,5.56391,0.0453185,0.207167,0.148811
122,CAS-1,BRD-K24690302,All,CTRP2,16,0.002,66.0,6.94224,15.9947,1.79625,0.445733,15.6256,0.123807
123,CAS-1,BRD-K27188169,All,CTRP2,16,0.002,66.0,11.1014,32.7693,-3.37387,0.374536,22.76,0.0708556
124,CAS-1,BRD-K27188169:navitoclax (2:1 mol/mol),All,CTRP2,16,0.0015,50.0,6.48616,17.4282,0.438108,0.457815,18.9473,0.158159
125,CAS-1,BRD-K27224038,All,CTRP2,16,0.002,66.0,7.77133,9.29379,5.53603,0.0763974,0.366865,0.138447
126,CAS-1,BRD-K27986637,All,CTRP2,16,0.002,66.0,7.64538,8.9458,5.6147,0.0626737,0.255203,0.11338
127,CAS-1,BRD-K28456706,All,CTRP2,16,0.002,66.0,6.20766,21.5176,-1.55658,0.494143,26.6532,0.149739
128,CAS-1,BRD-K29086754,All,CTRP2,16,0.002,66.0,10.2775,24.6108,0.00833111,0.343235,16.0544,0.075588
129,CAS-1,BRD-K29313308,All,CTRP2,16,0.002,66.0,6.16331,11.8359,3.24713,0.488487,11.4814,0.068478
130,CAS-1,BRD-K30019337,All,CTRP2,16,0.002,66.0,7.42812,8.63364,5.6425,0.0743283,0.282314,0.0946883
131,CAS-1,BRD-K33199242,All,CTRP2,16,0.002,66.0,10.536,34.1629,-4.46981,0.397067,25.4238,0.130436
132,CAS-1,BRD-K34099515,All,CTRP2,16,0.002,66.0,7.75889,9.15527,5.58283,0.0631045,0.275983,0.133715
133,CAS-1,BRD-K34222889,All,CTRP2,16,0.002,66.0,3.80514,6.25435,3.54022,0.881725,15.853,0.111511
134,CAS-1,BRD-K34485477,All,CTRP2,16,0.001,33.0,6.66854,7.91631,4.63473,0.0541665,0.210689,0.137143
135,CAS-1,BRD-K35604418,All,CTRP2,16,0.002,66.0,6.28024,8.01906,5.24607,0.42604,2.9271,0.155649
136,CAS-1,BRD-K37390332,All,CTRP2,16,0.001,33.0,6.58862,8.09612,4.53362,0.095286,0.457711,0.15366
137,CAS-1,BRD-K41334119,All,CTRP2,16,0.002,66.0,8.12538,9.49046,5.60295,0.0339096,0.142787,0.123109
138,CAS-1,BRD-K41597374,All,CTRP2,16,0.002,66.0,11.6147,38.2805,-5.69995,0.387227,25.98,0.121812
139,CAS-1,BRD-K44224150,All,CTRP2,16,0.001,34.0,7.07616,8.37992,4.66587,0.0338445,0.135718,0.153642
140,CAS-1,BRD-K45681478,All,CTRP2,16,0.002,66.0,4.601,5.07069,4.6005,0.998833,9.61775,0.0719265
141,CAS-1,BRD-K48334597,All,CTRP2,16,0.002,66.0,7.62641,8.92639,5.61423,0.0645304,0.262934,0.143947
142,CAS-1,BRD-K49290616,All,CTRP2,16,0.002,66.0,7.74808,9.4056,5.48308,0.0946258,0.499591,0.0974601
143,CAS-1,BRD-K50799972,All,CTRP2,16,0.002,66.0,5.4579,6.08852,5.39176,0.885288,4.14029,0.121846
144,CAS-1,BRD-K51490254,All,CTRP2,16,0.002,66.0,7.83761,9.01628,5.66317,0.0341305,0.124106,0.0948473
145,CAS-1,BRD-K52037352,All,CTRP2,16,0.002,66.0,10.8302,28.2211,-1.35309,0.353278,18.8265,0.115743
146,CAS-1,BRD-K55116708,All,CTRP2,16,0.002,66.0,3.04839,9.50214,1.45344,0.734975,25.6605,0.0990088
147,CAS-1,BRD-K58730230,All,CTRP2,16,0.002,66.0,8.16757,15.8774,2.76521,0.353182,10.0086,0.0994083
148,CAS-1,BRD-K61166597,All,CTRP2,16,0.002,66.0,7.56088,8.96147,5.5737,0.0847837,0.376233,0.168712
149,CAS-1,BRD-K63431240,All,CTRP2,16,0.002,66.0,0.780568,4.92733,0.56172,0.942085,35.7468,0.117115
150,CAS-1,BRD-K64610608,All,CTRP2,16,0.001,33.0,7.1005,8.32034,4.65278,0.0240437,0.0900156,0.0778692
151,CAS-1,BRD-K66453893,All,CTRP2,16,0.002,66.0,6.76631,12.0199,3.6349,0.425085,8.79526,0.0778935
152,CAS-1,BRD-K66532283,All,CTRP2,16,0.002,66.0,7.54454,8.99682,5.55295,0.0936681,0.433074,0.112621
153,CAS-1,BRD-K70511574,All,CTRP2,12,0.002,66.0,6.6056,10.1497,4.4386,0.413886,5.74031,0.11162
154,CAS-1,BRD-K71781559,All,CTRP2,14,0.0081,66.0,7.81199,9.66887,5.40798,0.109918,0.757411,0.0993751
155,CAS-1,BRD-K71935468,All,CTRP2,16,0.0025,83.0,6.50889,9.89461,4.72552,0.478297,6.67505,0.114004
156,CAS-1,BRD-K75293299,All,CTRP2,16,0.002,66.0,7.6321,9.19963,5.51237,0.0974841,0.487497,0.147408
157,CAS-1,BRD-K78574327,All,CTRP2,16,0.002,66.0,7.57646,8.64759,5.69608,0.0413766,0.137239,0.106443
158,CAS-1,BRD-K79669418,All,CTRP2,16,0.002,66.0,7.60341,9.83293,5.23738,0.177055,1.31731,0.0997387
159,CAS-1,BRD-K80183349,All,CTRP2,16,0.002,66.0,8.01034,9.44633,5.57545,0.0470612,0.209885,0.117537
160,CAS-1,BRD-K84807411,All,CTRP2,16,0.002,66.0,8.04371,9.43358,5.59267,0.0406721,0.174983,0.0807934
161,CAS-1,BRD-K85133207,All,CTRP2,16,0.002,66.0,7.29739,9.49685,5.21674,0.222402,1.67754,0.114985
162,CAS-1,BRD-K86535717,All,CTRP2,16,0.002,66.0,7.83877,9.41823,5.51711,0.0761242,0.379183,0.12032
163,CAS-1,BRD-K88742110,All,CTRP2,16,0.002,66.0,6.08759,7.95378,5.12545,0.487288,3.78006,0.0572553
164,CAS-1,BRD-K92856060,All,CTRP2,16,0.001,33.0,4.50835,4.97078,4.47772,0.927371,3.67695,0.133916
165,CAS-1,BRD-K94991378,All,CTRP2,16,0.0025,83.0,7.03518,8.56269,5.77022,0.27897,1.51397,0.172664
166,CAS-1,BRD-K96431673,All,CTRP2,16,0.002,66.0,8.10744,9.63527,5.54475,0.0489413,0.232455,0.10865
167,CAS-1,BRD-K96970199,All,CTRP2,16,0.002,66.0,6.9667,10.2042,4.67392,0.348431,4.20489,0.110705
168,CAS-1,BRD-K97651142,All,CTRP2,13,0.002,66.0,5.19021,6.72443,4.86706,0.772647,6.89058,0.0921894
169,CAS-1,BRD-K99584050,All,CTRP2,16,0.002,66.0,6.48361,9.02033,4.90472,0.406022,4.0066,0.129254
170,CAS-1,BRD1812,All,CTRP2,16,0.002,66.0,5.92255,11.4846,3.22209,0.512031,12.0534,0.114003
171,CAS-1,BRD1835,All,CTRP2,16,0.0041,130.0,7.56596,9.19442,6.34914,0.324439,1.94406,0.136204
172,CAS-1,BRD4132,All,CTRP2,16,0.0049,160.0,4.79679,7.865,4.40082,0.859159,18.2523,0.150529
173,CAS-1,BRD4770,All,CTRP2,16,0.001,33.0,5.67997,7.74671,4.17921,0.337222,2.57752,0.178785
174,CAS-1,BRD55319,All,CTRP2,15,0.0011,37.0,4.04038,4.77816,4.02034,0.970163,7.8419,0.178954
175,CAS-1,BRD6340,All,CTRP2,16,0.001,33.0,6.86034,8.20417,4.60496,0.0488397,0.204026,0.136418
176,CAS-1,BRD6430,All,CTRP2,16,0.001,33.0,6.79007,8.40396,4.50193,0.0849712,0.434536,0.296305
177,CAS-1,BRD8899,All,CTRP2,16,0.001,33.0,6.66539,8.07397,4.57496,0.0738789,0.327793,0.240001
178,CAS-1,BRD8958,All,CTRP2,16,0.002,66.0,7.77893,9.92805,5.28674,0.145125,1.02175,0.0895439
179,CAS-1,BRD9647,All,CTRP2,16,0.001,33.0,5.95529,10.651,2.95924,0.395029,7.14731,0.0606522
180,CAS-1,BRD9876,All,CTRP2,11,0.0041,130.0,7.31966,12.0596,4.74699,0.465602,9.02813,0.0662777
181,CAS-1,brefeldin A,All,CTRP2,16,0.0011,37.0,-0.6189,10.3089,-3.01687,0.763487,42.8611,0.125252
182,CAS-1,brivanib,All,CTRP2,16,0.002,66.0,6.71047,9.24223,4.96082,0.359379,3.41845,0.108115
183,CAS-1,"Brivanib, BMS-540215",All,GDSC1,9,0.078125,20.0,4.5825,8.24837,2.57141,0.461035,12.7436,0.0931535
184,CAS-1,Bryostatin 1,All,GDSC1,9,3.125e-05,0.008,-0.958229,8.00325,-10.2354,0.186492,8.90477,0.108494
185,CAS-1,Buparlisib,All,GDSC2,7,0.0100053,10.0,1.94247,5.14891,1.10335,0.720165,18.6097,0.0674449
186,CAS-1,BX-912,All,GDSC1,9,0.04,10.24,2.21038,7.62374,0.205689,0.614212,27.4828,0.106333
187,CAS-1,BX795,All,GDSC1,9,0.0195312,5.0,1.53612,3.43748,1.02432,0.712608,13.485,0.0920114
188,CAS-1,C-75,All,GDSC1,9,0.078125,20.0,4.68626,6.12647,3.70231,0.364513,3.71455,0.121023
189,CAS-1,C6-ceramide,All,CTRP2,16,0.002,66.0,3.56242,6.2643,3.27264,0.882715,17.557,0.0936511
190,CAS-1,Cabozantinib,All,GDSC1,9,0.02,5.12,2.40275,4.52807,1.30877,0.487956,8.09005,0.0352652
191,CAS-1,Camptothecin,All,GDSC2,7,0.000100053,0.1,-0.717274,3.3613,-4.82375,0.197311,4.07277,0.0627477
192,CAS-1,canertinib,All,CTRP2,16,0.002,66.0,2.45975,5.26841,2.31363,0.942907,24.3809,0.113554
193,CAS-1,"CAP-232, TT-232, TLN-232",All,GDSC1,9,0.078125,20.0,2.99075,3.56524,2.98755,0.993888,16.6598,0.0563919
194,CAS-1,Capivasertib,All,GDSC1,9,0.117188,30.0,3.93579,11.1735,0.931563,0.573173,30.4488,0.0729253
195,CAS-1,Carboplatin,All,CTRP2,11,0.0081,66.0,7.75626,9.70034,5.3694,0.126223,0.91889,0.124313
196,CAS-1,carboplatin:etoposide (40:17 mol/mol),All,CTRP2,16,0.0014,47.0,5.53202,8.91659,3.85474,0.503663,7.17629,0.08041
197,CAS-1,Carmustine,All,GDSC2,7,0.0300158,30.0,6.38883,7.82298,4.42161,0.0936001,0.643699,0.135585
198,CAS-1,CAY10566,All,GDSC1,9,0.01,2.56,3.02906,4.47602,0.87422,0.0730772,0.624661,0.114824
199,CAS-1,CAY10576,All,CTRP2,16,0.002,66.0,7.53213,9.08109,5.51428,0.108094,0.537261,0.106752
200,CAS-1,CAY10594,All,CTRP2,16,0.002,66.0,3.78883,6.50955,3.44173,0.860754,16.2636,0.0838372
201,CAS-1,CAY10603,All,GDSC1,9,0.078125,20.0,1.80531,3.09172,1.78961,0.986592,31.5559,0.0311775
202,CAS-1,CAY10618,All,CTRP2,16,0.001,33.0,-0.98118,1.91281,-1.00806,0.989797,40.2237,0.175555
203,CAS-1,CCT-018159,All,GDSC1,9,0.0390625,10.0,3.95572,5.83026,2.54853,0.322371,4.14961,0.112244
204,CAS-1,CCT007093,All,GDSC1,9,0.0257812,6.6,4.44888,5.96035,2.21824,0.0751809,0.672046,0.162204
205,CAS-1,CCT036477,All,CTRP2,9,0.0041,33.0,4.47101,5.16096,4.38333,0.861285,4.78073,0.0860865
206,CAS-1,CD-1530,All,CTRP2,16,0.0041,130.0,5.09908,6.40663,5.05386,0.962018,13.0167,0.108449
207,CAS-1,CD-437,All,CTRP2,16,0.0011,37.0,4.82951,8.95085,3.0134,0.550468,9.96798,0.109302
208,CAS-1,CD532,All,GDSC1,9,0.02,5.12,0.17329,2.16666,0.0228748,0.91729,28.2461,0.111653
209,CAS-1,CDK9_5038,All,GDSC2,7,0.00300158,3.0,-1.73395,6.28381,-3.88979,0.712904,40.2056,0.124703
210,CAS-1,CDK9_5576,All,GDSC2,7,0.0100053,10.0,1.33579,14.1906,-3.84499,0.584065,38.1347,0.0871221
211,CAS-1,Cediranib,All,GDSC2,7,0.0100053,10.0,2.01893,4.61641,1.41675,0.750675,16.47,0.0983507
212,CAS-1,ceranib-2,All,CTRP2,13,0.0041,66.0,5.86232,20.5275,-1.34942,0.506819,28.0667,0.122521
213,CAS-1,cerulenin,All,CTRP2,16,0.0045,150.0,5.86496,7.63421,5.61285,0.844719,9.98186,0.10552
214,CAS-1,Cetuximab,All,GDSC1,5,0.257031,65.8,7.03759,9.43562,5.08413,0.286173,4.59547,0.0644351
215,CAS-1,CGP-082996,All,GDSC1,9,0.02,5.12,4.07699,5.47003,1.89603,0.0621364,0.508393,0.0806038
216,CAS-1,CGP-60474,All,GDSC1,9,0.001,0.256,0.558145,10.3506,-6.1684,0.362087,20.0245,0.0924296
217,CAS-1,Ch-55,All,CTRP2,16,0.002,66.0,4.99404,5.94133,4.92452,0.919551,7.23852,0.126831
218,CAS-1,CHEMBL1222381,All,CTRP2,16,0.0081,270.0,7.31521,12.1806,5.36015,0.585148,12.9434,0.0800922
219,CAS-1,CHIR-99021,All,"CTRP2,GDSC1",27,0.0024,80.0,5.84783,8.33099,4.8993,0.603365,6.95576,0.107498
220,CAS-1,chlorambucil,All,CTRP2,9,0.016,130.0,7.89316,11.0082,5.70024,0.351096,4.71994,0.138689
221,CAS-1,CHM-1,All,CTRP2,16,0.00049,16.0,4.14249,10.3031,0.966369,0.487298,12.4074,0.117546
222,CAS-1,CI-1033,All,GDSC1,9,0.078125,20.0,3.81078,8.7932,1.64723,0.556116,21.9975,0.0471285
223,CAS-1,CI-1040,All,GDSC1,9,0.0390625,10.0,3.8504,8.89956,0.960362,0.442759,16.1032,0.108029
224,CAS-1,ciclopirox,All,CTRP2,14,0.002,66.0,5.05741,12.8024,1.81131,0.569547,19.3591,0.122294
225,CAS-1,ciclosporin,All,CTRP2,16,0.001,33.0,7.01235,8.68994,4.48671,0.0705987,0.372412,0.116917
226,CAS-1,CID-5951923,All,CTRP2,16,0.002,66.0,8.2647,9.81401,5.54068,0.0411367,0.197331,0.167442
227,CAS-1,CIL41,All,CTRP2,15,0.0049,160.0,6.16149,6.89926,6.14094,0.96941,7.80842,0.1166
228,CAS-1,CIL55,All,CTRP2,16,0.0003,10.0,2.89276,3.35578,2.8439,0.884583,3.02841,0.105254
229,CAS-1,CIL55A,All,CTRP2,16,0.0024,80.0,2.56327,3.26644,2.56326,0.999992,25.0166,0.0546698
230,CAS-1,CIL56,All,CTRP2,16,7.6e-05,2.5,0.328883,1.39547,0.217247,0.885516,7.01117,0.102755
231,CAS-1,CIL70,All,CTRP2,16,0.0012,40.0,4.52956,5.19905,4.48738,0.930894,5.419,0.130884
232,CAS-1,cimetidine,All,CTRP2,11,0.0081,130.0,8.71343,10.2768,6.49691,0.0849626,0.452207,0.170203
233,CAS-1,Cisplatin,All,"GDSC2,GDSC1",28,0.00400211,10.0,4.89997,7.7393,2.24849,0.227729,2.95808,0.100976
234,CAS-1,clofarabine,All,CTRP2,16,0.002,66.0,6.85863,15.4576,1.99798,0.448173,15.0474,0.0653331
235,CAS-1,CMK,All,GDSC1,9,0.015625,4.0,2.37878,5.72259,0.444181,0.438096,10.8881,0.097689
236,CAS-1,Compound 1541A,All,CTRP2,16,0.0011,37.0,7.0211,8.54379,4.70418,0.0682309,0.32568,0.125311
237,CAS-1,compound 1B,All,CTRP2,16,0.002,66.0,4.16766,19.0306,-2.07217,0.568919,31.8785,0.0916198
238,CAS-1,Compound 23 citrate,All,CTRP2,16,0.001,33.0,3.18821,5.79002,2.7754,0.827433,13.8604,0.10336
239,CAS-1,Compound 7d-cis,All,CTRP2,16,0.001,33.0,4.6114,6.78895,3.78938,0.607521,6.17512,0.112206
240,CAS-1,CP466722,All,GDSC1,9,0.0625,16.0,3.1541,6.55873,1.96179,0.633187,19.2347,0.0454748
241,CAS-1,CP724714,All,GDSC1,9,0.04,10.24,3.96742,11.5505,-0.243448,0.455836,22.8318,0.17072
242,CAS-1,CPI-613,All,GDSC1,9,1.0,256.0,7.55956,8.05963,7.50182,0.873824,5.88915,0.0839563
243,CAS-1,CR-1-31B,All,CTRP2,16,0.001,33.0,5.16918,14.2144,0.56297,0.492422,17.912,0.212528
244,CAS-1,Crizotinib,All,"GDSC2,CCLE,GDSC1",22,0.00100053,8.0,3.07971,4.83404,2.14853,0.475063,3.96892,0.0755622
245,CAS-1,crizotinib:PLX-4032 (2:1 mol/mol),All,CTRP2,16,0.0015,50.0,2.01596,3.30316,2.01357,0.99796,24.1542,0.088731
246,CAS-1,cucurbitacin I,All,CTRP2,16,0.001,33.0,0.282253,15.469,-4.52303,0.665742,41.0396,0.103245
247,CAS-1,CUDC-101,All,GDSC1,9,0.02,5.12,-0.220031,1.3281,-0.255518,0.974822,32.4228,0.179776
248,CAS-1,curcumin,All,CTRP2,12,0.02,170.0,5.49513,7.06436,5.40338,0.935856,15.0278,0.192274
249,CAS-1,CX-5461,All,GDSC1,9,0.04,10.24,4.85881,6.1431,2.92906,0.0710403,0.538403,0.198937
250,CAS-1,cyanoquinoline 11,All,CTRP2,16,0.0041,130.0,8.15289,11.0679,5.84632,0.298986,3.15178,0.190652
251,CAS-1,Cyclopamine,All,GDSC1,9,0.0625,16.0,5.84585,15.6596,-0.372119,0.398128,22.5034,0.134011
252,CAS-1,Cyclophosphamide,All,GDSC2,7,0.0100053,10.0,5.07312,6.45227,2.86787,0.0578696,0.375482,0.152835
253,CAS-1,Cytarabine,All,"GDSC2,GDSC1",15,0.00200105,2.0,2.00955,5.17327,-0.317043,0.331559,5.81317,0.117077
254,CAS-1,cytarabine hydrochloride,All,CTRP2,16,0.002,66.0,7.06808,8.97015,5.32093,0.234597,1.54188,0.0621038
255,CAS-1,cytochalasin B,All,CTRP2,16,0.001,33.0,4.24118,18.6082,-2.41798,0.530671,28.255,0.127071
256,CAS-1,CZC24832,All,GDSC2,7,0.0100053,10.0,5.42482,6.99947,2.80638,0.0504835,0.372548,0.0977569
257,CAS-1,Dabrafenib,All,"GDSC2,GDSC1",11,0.0100053,10.0,4.83533,5.99007,2.9431,0.0531668,0.288124,0.0817838
258,CAS-1,Dacarbazine,All,CTRP2,16,0.002,66.0,7.77477,8.95712,5.66072,0.0385807,0.141049,0.11274
259,CAS-1,Dacinostat,All,GDSC1,9,0.004,1.024,-2.01074,1.70031,-2.80026,0.770435,30.4557,0.093361
260,CAS-1,Dactinomycin,All,GDSC2,14,1.00053e-05,0.8,-3.66957,0.635214,-4.27517,0.846666,22.5401,0.135981
261,CAS-1,Dactolisib,All,"GDSC2,GDSC1",15,0.000250132,0.25,-1.95239,1.81851,-3.86972,0.493065,11.6501,0.14583
262,CAS-1,Daporinad,All,"CTRP2,GDSC1",21,7.9e-06,1.0,0.141388,18.904,-9.33445,0.495861,28.1196,0.209801
263,CAS-1,darinaparsin,All,CTRP2,16,0.001,33.0,5.37634,8.77207,3.44946,0.446508,6.08971,0.110657
264,CAS-1,Dasatinib,All,"CTRP2,GDSC2,GDSC1",38,0.00100053,66.0,0.91558,10.7227,-1.27571,0.759342,37.3767,0.140299
265,CAS-1,DBeQ,All,CTRP2,16,0.002,66.0,2.71255,3.2469,2.71255,0.999999,22.1972,0.0778447
266,CAS-1,Decitabine,All,CTRP2,10,0.0081,66.0,7.16292,14.5014,2.70806,0.417048,13.4993,0.107687
267,CAS-1,decitabine:navitoclax (2:1 mol/mol),All,CTRP2,16,0.0015,50.0,7.47462,14.8664,2.45495,0.367211,10.0976,0.149301
268,CAS-1,Dihydrorotenone,All,GDSC2,7,0.00100053,1.0,0.686592,8.6323,-3.75815,0.452676,20.0127,0.0791117
269,CAS-1,Dinaciclib,All,GDSC2,7,0.00100053,1.0,-1.00737,11.1223,-6.42143,0.545494,33.7048,0.15671
270,CAS-1,DMOG,All,GDSC1,9,15.625,4000.0,7.96908,13.0747,7.25778,0.848129,49.9713,0.0597352
271,CAS-1,Docetaxel,All,"GDSC2,GDSC1",22,1.25066e-05,3.0,1.50028,13.7716,-4.57904,0.50379,20.6312,0.0862133
272,CAS-1,docetaxel:tanespimycin (2:1 mol/mol),All,CTRP2,16,0.0015,50.0,-1.15255,9.23712,-2.99075,0.808038,46.8543,0.0537992
273,CAS-1,Doramapimod,All,"CTRP2,GDSC1",23,0.002,66.0,7.86047,9.2929,5.57271,0.058102,0.259979,0.155186
274,CAS-1,Doxorubicin,All,"CTRP2,GDSC1",28,0.002,66.0,-1.6897,4.61156,-2.05245,0.93684,51.3179,0.0819518
275,CAS-1,doxorubicin:navitoclax (2:1 mol/mol),All,CTRP2,16,0.0015,50.0,-2.52613,0.577028,-2.53478,0.996936,54.3329,0.045558
276,CAS-1,Dyrk1b_0191,All,GDSC1,5,0.0390625,10.0,3.47277,8.56874,0.823138,0.483747,18.3172,0.0634184
277,CAS-1,"eEF2K Inhibitor, A-484954",All,GDSC1,9,0.078125,20.0,6.24727,7.77113,3.81994,0.0586291,0.523774,0.16767
278,CAS-1,Eg5_9814,All,GDSC2,7,0.000100053,0.1,-0.743994,7.51523,-6.77173,0.334965,14.0694,0.0576341
279,CAS-1,EHT-1864,All,GDSC1,9,0.0390625,10.0,2.25968,5.67338,1.17543,0.664567,20.9917,0.115198
280,CAS-1,ELCPK,All,CTRP2,16,1.2e-05,0.4,0.403192,7.06829,-4.18077,0.361536,8.97828,0.123157
281,CAS-1,Elephantin,All,GDSC2,7,0.0200105,20.0,5.85662,7.78841,3.63895,0.148607,1.41941,0.0833146
282,CAS-1,Elesclomol,All,GDSC1,9,0.00078125,0.2,-3.00602,-0.594886,-3.80559,0.650992,14.4219,0.077128
283,CAS-1,Embelin,All,GDSC1,9,0.125,32.0,4.01237,8.03085,2.5993,0.631816,22.3532,0.112119
284,CAS-1,Entinostat,All,"CTRP2,GDSC2,GDSC1",32,0.002,66.0,3.68865,11.0177,1.39838,0.669571,24.1133,0.0954673
285,CAS-1,Entospletinib,All,GDSC2,7,0.0100053,10.0,4.96307,8.54072,1.92037,0.267389,5.07085,0.102442
286,CAS-1,Enzastaurin,All,GDSC1,9,0.078125,20.0,4.97577,6.82659,3.56363,0.315135,3.98533,0.0716041
287,CAS-1,EphB4_9721,All,GDSC1,5,0.0390625,10.0,2.62471,6.60247,1.06967,0.595109,20.063,0.0180382
288,CAS-1,epigallocatechin-3-monogallate,All,CTRP2,16,0.009,300.0,4.68722,5.20119,4.68722,1.0,23.5719,0.0957516
289,CAS-1,Epirubicin,All,GDSC2,7,0.00100053,1.0,-0.329158,1.99728,-1.28467,0.577099,9.14308,0.13771
290,CAS-1,Epothilone B,All,GDSC1,9,0.000125,0.032,-5.32227,2.01463,-8.75734,0.526665,27.1893,0.0272409
291,CAS-1,EPZ004777,All,GDSC2,7,0.0100053,10.0,5.26893,6.58306,2.89594,0.0371334,0.227112,0.0607391
292,CAS-1,EPZ5676,All,GDSC2,7,0.0100053,10.0,5.28368,6.66872,2.87112,0.0426103,0.275452,0.139327
293,CAS-1,erastin,All,CTRP2,13,0.0081,66.0,1.68803,2.24089,1.68803,1.0,33.5305,0.121321
294,CAS-1,ERK_2440,All,GDSC2,7,0.0100053,10.0,0.924478,4.37385,0.358255,0.82159,27.028,0.0399083
295,CAS-1,ERK_6604,All,GDSC2,7,0.0100053,10.0,3.20335,6.08138,1.84218,0.522616,9.71231,0.0371605
296,CAS-1,Erlotinib,All,"CTRP2,GDSC2,CCLE,GDSC1",37,0.002,66.0,6.59183,8.71951,5.13105,0.362316,2.90252,0.116637
297,CAS-1,erlotinib:PLX-4032 (2:1 mol/mol),All,CTRP2,16,0.0015,50.0,4.81291,5.97869,4.62773,0.827233,6.20029,0.0943748
298,CAS-1,etomoxir,All,CTRP2,16,0.009,300.0,9.65578,10.9862,7.7811,0.0865357,0.36476,0.101242
299,CAS-1,Etoposide,All,"CTRP2,GDSC1",25,0.00086,28.0,3.42461,7.60231,2.13883,0.6742,14.2143,0.0710745
300,CAS-1,ETP-45835,All,GDSC1,9,0.078125,20.0,6.09425,8.68445,3.38053,0.181914,2.95503,0.0864389
301,CAS-1,Fedratinib,All,GDSC1,9,0.04,10.24,2.16596,7.37128,0.28715,0.623021,27.2634,0.0698657
302,CAS-1,FEN1_3940,All,GDSC1,5,0.0390625,10.0,2.27289,3.28368,2.1873,0.907238,13.6727,0.0157411
303,CAS-1,FGFR_0939,All,GDSC1,5,0.00976562,2.5,2.0238,5.66592,-0.296505,0.395698,10.3278,0.0706095
304,CAS-1,FGFR_3831,All,GDSC1,5,0.0390625,10.0,3.3714,7.84096,1.1035,0.49392,16.836,0.0421095
305,CAS-1,FGIN-1-27,All,CTRP2,16,0.001,33.0,7.29429,8.70278,4.59055,0.0290349,0.125834,0.114222
306,CAS-1,FH535,All,GDSC1,9,0.125,32.0,3.11096,6.52996,2.38544,0.771005,28.2919,0.051894
307,CAS-1,fingolimod,All,CTRP2,16,0.002,66.0,3.28343,3.96963,3.28334,0.999855,18.3942,0.172435
308,CAS-1,Flavopiridol,All,GDSC1,9,0.01,2.56,-0.779494,4.23769,-2.10249,0.718145,34.0369,0.103991
309,CAS-1,Fludarabine,All,GDSC2,7,0.0200105,20.0,4.94038,6.47742,3.7057,0.29233,2.42731,0.0922078
310,CAS-1,fluorouracil,All,CTRP2,11,0.0081,130.0,7.89196,10.1097,6.12929,0.297018,2.54626,0.126861
311,CAS-1,fluvastatin,All,CTRP2,16,0.002,66.0,3.59794,7.96209,2.6849,0.77412,19.6629,0.0872566
312,CAS-1,FMK,All,GDSC1,9,0.078125,20.0,5.80871,7.16655,3.86632,0.0827258,0.667023,0.0398267
313,CAS-1,Foretinib,All,"CTRP2,GDSC2,GDSC1",32,0.002,66.0,0.0783606,1.45249,0.0782706,0.999928,39.7469,0.100726
314,CAS-1,FQI-1,All,CTRP2,16,0.001,33.0,5.76745,12.1216,2.08883,0.437817,11.0126,0.102869
315,CAS-1,FQI-2,All,CTRP2,15,0.001,33.0,6.42065,8.28152,4.37783,0.164513,1.01415,0.0693973
316,CAS-1,FR-180204,All,GDSC1,9,0.078125,20.0,6.28581,7.81267,3.81997,0.055929,0.499925,0.0410203
317,CAS-1,FSC231,All,CTRP2,16,0.0081,270.0,9.34082,10.945,7.50882,0.150424,0.792151,0.118501
318,CAS-1,FTI-277,All,GDSC1,9,0.004,1.024,1.24583,5.07397,-1.56141,0.332827,8.70397,0.0772977
319,CAS-1,FTY-720,All,GDSC1,9,0.078125,20.0,2.63696,3.4054,2.63135,0.991981,21.0973,0.0923723
320,CAS-1,Fulvestrant,All,"CTRP2,GDSC2,GDSC1",30,0.00100053,66.0,7.99398,9.45949,5.56438,0.0510296,0.218217,0.0958396
321,CAS-1,fumonisin B1,All,CTRP2,16,0.015,500.0,10.9224,12.301,8.51714,0.0423608,0.180763,0.113312
322,CAS-1,Gallibiscoquinazole,All,GDSC2,7,0.00100053,1.0,1.07622,3.25328,-0.841291,0.252337,2.89131,0.0512883
323,CAS-1,GANT-61,All,CTRP2,9,0.0081,66.0,3.61486,4.53411,3.61235,0.997003,18.7096,0.112621
324,CAS-1,GDC-0879,All,CTRP2,10,0.002,66.0,6.25212,7.96942,5.24904,0.433945,2.96312,0.0891717
325,CAS-1,GDC0810,All,GDSC2,7,0.0100053,10.0,5.75576,7.47909,2.76086,0.0429791,0.345761,0.0476374
326,CAS-1,Gefitinib,All,"GDSC2,GDSC1",16,0.00195312,2.0,2.65001,3.99941,0.553744,0.0637634,0.40464,0.098722
327,CAS-1,Gemcitabine,All,"CTRP2,GDSC2,GDSC1",39,0.000100053,33.0,4.21214,21.0548,-3.66453,0.527116,27.2551,0.117911
328,CAS-1,Genentech Cpd 10,All,GDSC1,9,0.04,10.24,2.98409,4.24812,2.57183,0.656273,7.67935,0.0597212
329,CAS-1,GMX-1778,All,CTRP2,16,8.7e-06,0.29,-2.96122,-1.65533,-3.10646,0.878422,8.33556,0.164707
330,CAS-1,GNE-317,All,GDSC2,7,0.0100053,10.0,1.8685,6.82776,0.247826,0.655645,23.6309,0.0976977
331,CAS-1,GNF-2,All,GDSC1,9,0.005,1.28,2.07432,3.98171,-0.303561,0.121397,1.40423,0.118394
332,CAS-1,gossypol,All,CTRP2,16,0.0011,37.0,4.64214,5.93256,4.30972,0.724316,5.03222,0.0785259
333,CAS-1,GSK-3 inhibitor IX,All,CTRP2,16,0.002,66.0,3.16762,5.51585,3.03179,0.93654,19.6322,0.0903876
334,CAS-1,GSK1059615,All,GDSC1,9,0.078125,20.0,-0.401446,2.91818,-0.528531,0.957967,57.8089,0.0455591
335,CAS-1,GSK1070916,All,GDSC1,9,0.01,2.56,1.62451,4.83793,-0.166467,0.454253,11.0071,0.0498579
336,CAS-1,GSK1904529A,All,"GDSC2,GDSC1",16,0.004,10.0,4.43041,5.88742,2.80273,0.158207,1.01174,0.0896807
337,CAS-1,GSK2578215A,All,GDSC2,7,0.0100053,10.0,4.99643,6.38366,2.86244,0.0658519,0.431591,0.136671
338,CAS-1,GSK2606414,All,GDSC2,7,0.0100053,10.0,4.56493,6.61454,2.55977,0.208743,2.19164,0.0728687
339,CAS-1,GSK269962A,All,GDSC1,10,0.00976562,5.0,-0.448441,10.9126,-4.45525,0.630832,42.1885,0.0314931
340,CAS-1,GSK319347A,All,GDSC1,9,0.0195312,5.0,6.23252,18.0637,-2.57673,0.326017,19.5632,0.0809349
341,CAS-1,GSK343,All,GDSC2,7,0.00100053,1.0,1.68162,3.47755,-0.617177,0.11331,0.986399,0.0878383
342,CAS-1,GSK4112,All,CTRP2,16,0.002,66.0,8.20404,9.4714,5.6378,0.0231083,0.0898412,0.116933
343,CAS-1,GSK429286A,All,GDSC1,9,0.078125,20.0,3.35143,11.0262,0.130235,0.569018,31.2723,0.0433358
344,CAS-1,GSK461364,All,CTRP2,11,0.002,66.0,0.102896,10.7986,-2.15485,0.772164,43.2892,0.158625
345,CAS-1,GSK591,All,GDSC2,7,0.0100053,10.0,5.12813,7.73939,2.37481,0.179489,2.35871,0.0737062
346,CAS-1,GSK650394,All,GDSC1,9,0.0625,16.0,3.22047,8.7733,0.936187,0.576509,25.3786,0.0358172
347,CAS-1,GSK690693,All,GDSC1,9,0.04,10.24,5.19146,14.0124,-0.530583,0.387659,20.4586,0.0782122
348,CAS-1,GW-2580,All,GDSC1,9,0.078125,20.0,6.17674,13.0186,1.40558,0.355338,15.4788,0.0840183
349,CAS-1,GW-405833,All,CTRP2,16,0.0041,130.0,5.92999,8.02923,5.45882,0.758297,9.07351,0.0954096
350,CAS-1,GW441756,All,GDSC1,9,0.0078125,2.0,2.67454,4.09986,0.526273,0.0703439,0.591445,0.223701
351,CAS-1,GW843682X,All,"CTRP2,GDSC1",21,0.001,33.0,4.89492,12.405,1.23882,0.510931,15.9944,0.0701038
352,CAS-1,HC-067047,All,CTRP2,16,0.002,66.0,4.20683,18.0619,-1.55692,0.572342,30.7806,0.11196
353,CAS-1,HG-5-113-01,All,GDSC1,5,0.0390625,10.0,3.49292,7.5104,1.36843,0.476638,14.538,0.0643037
354,CAS-1,HG-5-88-01,All,GDSC1,5,0.0390625,10.0,5.09283,7.01321,2.66032,0.116479,1.35281,0.0688861
355,CAS-1,HG6-64-1,All,GDSC1,9,0.02,5.12,0.776523,2.5123,0.587212,0.880751,20.9963,0.0919362
356,CAS-1,HLI 373,All,CTRP2,16,0.001,33.0,3.41883,5.60447,3.0911,0.836742,12.011,0.103557
357,CAS-1,hyperforin,All,CTRP2,16,0.002,66.0,3.80356,5.19007,3.76834,0.972107,15.0477,0.0882713
358,CAS-1,I-BET-762,All,"CTRP2,GDSC2,GDSC1",31,0.002,66.0,7.5971,17.4793,1.56375,0.414539,15.2967,0.099021
359,CAS-1,I-BET151,All,CTRP2,16,0.002,66.0,6.36426,20.1813,-0.759304,0.487286,24.4786,0.130681
360,CAS-1,I-BRD9,All,GDSC2,7,0.0100053,10.0,4.87861,6.46334,2.7815,0.103554,0.791202,0.145974
361,CAS-1,IAP_5620,All,"GDSC2,GDSC1",11,0.0100053,10.0,5.02568,6.72706,2.74346,0.0997245,0.816322,0.085426
362,CAS-1,IAP_7638,All,GDSC1,5,0.0390625,10.0,5.22986,7.02507,2.71698,0.0882514,0.943532,0.146011
363,CAS-1,Ibrutinib,All,GDSC2,7,0.0100053,10.0,3.84677,5.66997,2.5513,0.346942,3.54798,0.113506
364,CAS-1,IC-87114,All,"CTRP2,GDSC1",22,0.002,66.0,7.73195,12.5313,4.07656,0.315921,5.51821,0.139718
365,CAS-1,ICL1100013,All,GDSC1,5,0.078125,20.0,3.16669,10.1967,0.373848,0.5893,31.1385,0.0691269
366,CAS-1,Idelalisib,All,"CTRP2,GDSC1",25,0.002,66.0,6.83049,11.8032,3.79101,0.414027,8.04461,0.11932
367,CAS-1,ifosfamide,All,CTRP2,15,0.002,66.0,7.56306,8.83967,5.62077,0.0682547,0.273649,0.129582
368,CAS-1,IGF1R_3801,All,GDSC2,7,0.0100053,10.0,0.568668,3.59134,0.239538,0.880943,29.3064,0.0594388
369,CAS-1,IGFR_3801,All,GDSC1,5,0.0390625,10.0,0.0820201,3.05785,-0.145419,0.916231,41.4835,0.0397967
370,CAS-1,Imatinib,All,"CTRP2,GDSC1",22,0.002,66.0,4.908,6.52574,4.64606,0.823966,8.52055,0.0983825
371,CAS-1,IMD-0354,All,GDSC1,9,0.078125,20.0,0.0156135,2.42683,-0.0269187,0.980624,53.6316,0.0621668
372,CAS-1,importazole,All,CTRP2,16,0.0061,200.0,4.10334,4.66873,4.10334,0.999999,23.6021,0.120815
373,CAS-1,indisulam,All,CTRP2,16,0.001,33.0,6.71935,8.35086,4.49179,0.0948556,0.493007,0.189238
374,CAS-1,IOX2,All,GDSC1,5,0.000390625,0.1,0.380065,2.8195,-4.11109,0.0344089,0.485567,0.0461024
375,CAS-1,IPA-3,All,GDSC1,9,0.125,32.0,7.07003,8.56685,4.51168,0.0457103,0.398417,0.0657931
376,CAS-1,Ipatasertib,All,GDSC2,7,0.0100053,10.0,4.21253,8.45207,1.45592,0.386613,9.39409,0.13029
377,CAS-1,IPR-456,All,CTRP2,16,0.002,66.0,6.55284,11.8302,3.56355,0.447274,9.46204,0.124366
378,CAS-1,IRAK4_4710,All,GDSC2,7,0.0100053,10.0,4.89969,7.00602,2.56921,0.161672,1.69639,0.0720303
379,CAS-1,Irinotecan,All,"GDSC2,CCLE",22,0.0025,10.0,4.21086,8.16563,1.59503,0.378979,7.15396,0.192913
380,CAS-1,isoevodiamine,All,CTRP2,16,0.001,33.0,6.4083,13.2509,2.01487,0.392227,10.2235,0.157618
381,CAS-1,ISOX,All,CTRP2,16,0.001,33.0,2.17682,5.7156,1.70892,0.855755,20.7699,0.116904
382,CAS-1,ISOX:bortezomib (250:1 mol/mol),All,CTRP2,16,0.00051,17.0,0.166811,1.41677,0.165656,0.998985,26.0986,0.0844568
383,CAS-1,Ispinesib Mesylate,All,GDSC1,9,0.0005,0.128,-0.915013,4.19549,-5.01563,0.292823,9.68959,0.0816499
384,CAS-1,itraconazole,All,CTRP2,16,0.00051,17.0,2.65075,5.39592,2.0378,0.7595,11.8497,0.121284
385,CAS-1,IU1,All,CTRP2,16,0.002,66.0,6.34077,8.52683,5.04069,0.426073,3.68038,0.1141
386,CAS-1,IWP-2,All,GDSC2,7,0.00100053,1.0,2.17574,3.60431,-0.462011,0.0340127,0.225779,0.107873
387,CAS-1,JAK_8517,All,GDSC2,7,0.0100053,10.0,1.13642,3.38264,0.91997,0.894527,23.0701,0.0648027
388,CAS-1,JAK1_3715,All,GDSC1,5,0.0390625,10.0,4.84004,6.78117,2.6337,0.152079,1.82152,0.107823
389,CAS-1,JAK1_8709,All,GDSC2,7,0.0100053,10.0,4.0008,13.808,-1.36666,0.462049,23.823,0.160445
390,CAS-1,JAK3_7406,All,GDSC1,5,0.0390625,10.0,3.7177,6.77072,1.91524,0.42927,9.69977,0.0797211
391,CAS-1,JNJ38877605,All,GDSC1,9,0.078125,20.0,4.4058,11.4422,0.831455,0.493453,24.1409,0.135825
392,CAS-1,JNK Inhibitor VIII,All,GDSC1,9,0.0390625,10.0,4.71782,7.17414,2.39719,0.222933,3.52151,0.122728
393,CAS-1,JNK-9L,All,GDSC1,9,0.02,5.12,0.260484,4.70372,-0.823839,0.73814,32.5424,0.0924687
394,CAS-1,JQ-1:carboplatin (1:1 mol/mol),All,CTRP2,16,0.002,66.0,7.21661,9.28816,5.26388,0.223856,1.59174,0.22719
395,CAS-1,JQ-1:MK-0752 (1:1 mol/mol),All,CTRP2,16,0.002,66.0,7.37951,18.2471,1.01688,0.432923,17.504,0.0731226
396,CAS-1,JQ-1:UNC0638 (2:1 mol/mol),All,CTRP2,16,0.0015,50.0,2.5897,4.00447,2.57858,0.991365,20.3647,0.11582
397,CAS-1,JQ-1:vorinostat (2:1 mol/mol),All,CTRP2,16,0.0015,50.0,2.49159,4.39259,2.44747,0.974506,21.1293,0.15089
398,CAS-1,JQ1,All,"CTRP2,GDSC1",24,0.002,66.0,1.40667,9.46987,-0.237339,0.779676,35.5752,0.135046
399,CAS-1,JQ12,All,GDSC1,9,0.02,5.12,3.61863,9.21638,-0.0871931,0.378587,14.3221,0.0650593
400,CAS-1,JW-480,All,CTRP2,12,0.002,66.0,7.09745,8.99887,5.32506,0.228487,1.49551,0.0734807
401,CAS-1,JW-7-24-1,All,GDSC1,9,0.04,10.24,2.72766,9.41619,-0.212344,0.551432,27.2688,0.0945694
402,CAS-1,JW-7-52-1,All,GDSC1,9,0.0046875,1.2,2.56867,12.3411,-3.97896,0.373227,20.7466,0.0778851
403,CAS-1,kb NB 142-70,All,GDSC1,9,0.078125,20.0,4.26009,8.89463,1.98384,0.507329,18.06,0.0744649
404,CAS-1,KHS101,All,CTRP2,16,0.002,66.0,4.12677,4.83729,4.12505,0.997349,12.7812,0.0938607
405,CAS-1,KIN001-042,All,GDSC1,9,0.04,10.24,3.94733,6.20603,2.38878,0.360061,5.73287,0.116324
406,CAS-1,KIN001-236,All,GDSC1,9,0.04,10.24,5.05185,6.48652,2.87968,0.0693307,0.586433,0.0968522
407,CAS-1,KIN001-244,All,GDSC1,9,0.078125,20.0,5.47406,12.8703,0.965829,0.415258,19.8907,0.087474
408,CAS-1,KIN001-260,All,GDSC1,9,0.078125,20.0,5.9637,8.0309,3.59104,0.148675,1.89254,0.0393984
409,CAS-1,KIN001-266,All,GDSC1,9,0.078125,20.0,3.83612,4.29403,3.7991,0.911421,6.31426,0.0823064
410,CAS-1,KIN001-270,All,GDSC1,9,0.078125,20.0,5.76657,7.2345,3.82148,0.103181,0.909437,0.0672969
411,CAS-1,Ko-143,All,CTRP2,16,0.0041,130.0,7.56437,11.7991,5.06929,0.430154,7.2448,0.115512
412,CAS-1,Kobe2602,All,GDSC1,9,0.078125,20.0,4.32147,5.56003,3.70249,0.500204,4.88691,0.0423304
413,CAS-1,KRAS (G12C) Inhibitor-12,All,GDSC2,7,0.0200105,20.0,5.79666,7.599,3.68808,0.142116,1.26178,0.120007
414,CAS-1,KU 0060648,All,CTRP2,12,0.001,33.0,1.85326,3.31109,1.84253,0.991915,21.2957,0.133976
415,CAS-1,KU-0063794,All,CTRP2,9,0.0041,66.0,6.92327,22.3943,-1.4102,0.468836,26.1098,0.0740206
416,CAS-1,KU-55933,All,"CTRP2,GDSC1",21,0.002,66.0,5.76162,7.03231,5.29871,0.619862,3.72653,0.0941746
417,CAS-1,KU-60019,All,"CTRP2,GDSC1",17,0.0081,66.0,5.38039,6.26415,5.24975,0.839008,5.65419,0.134231
418,CAS-1,KW-2449,All,CTRP2,16,0.002,66.0,2.80394,4.27581,2.7934,0.992135,21.6236,0.0421927
419,CAS-1,KX2-391,All,CTRP2,15,0.002,66.0,7.63216,24.5548,-1.92316,0.448643,24.9224,0.099913
420,CAS-1,L-685458,All,"CTRP2,CCLE",24,0.0011,37.0,6.737,8.21955,4.70757,0.0941569,0.443713,0.145584
421,CAS-1,Lapatinib,All,"GDSC2,CCLE,GDSC1",23,0.0025,10.0,3.16663,4.13539,2.77949,0.587157,3.25978,0.119104
422,CAS-1,LBH-589,All,CTRP2,16,0.002,66.0,-5.17428,2.53342,-5.4497,0.960763,68.8482,0.0508125
423,CAS-1,LBW242,All,CCLE,8,0.0025,8.0,4.83026,6.40962,2.47413,0.0726782,0.465798,0.0568313
424,CAS-1,LCL161,All,"GDSC2,GDSC1",16,0.01,10.0,5.16625,16.1442,-1.62458,0.40875,21.8394,0.141459
425,CAS-1,LDN-193189,All,GDSC1,9,0.04,10.24,0.395618,4.5768,-0.274411,0.825745,39.9344,0.110101
426,CAS-1,LE-135,All,CTRP2,16,0.002,66.0,6.33746,8.50418,5.04939,0.426244,3.64977,0.084221
427,CAS-1,Leflunomide,All,GDSC2,7,0.100053,100.0,6.72763,10.2474,4.91143,0.486929,10.6974,0.073134
428,CAS-1,Lenalidomide,All,GDSC1,9,0.0195312,5.0,4.17742,5.51622,1.88525,0.0454256,0.354087,0.118256
429,CAS-1,Lenvatinib,All,CTRP2,11,0.002,66.0,6.63938,8.77465,5.13769,0.351548,2.80446,0.109375
430,CAS-1,leptomycin B,All,CTRP2,16,0.002,66.0,0.951267,101.196,-45.8396,0.52788,48.6816,0.110074
431,CAS-1,Lestaurtinib,All,GDSC1,9,0.0078125,2.0,0.851091,5.4686,-1.35957,0.517707,18.5362,0.071561
432,CAS-1,LFM-A13,All,GDSC1,9,0.0625,16.0,5.81984,7.33018,3.49962,0.0661442,0.587993,0.0933214
433,CAS-1,LGK974,All,"GDSC2,GDSC1",24,0.00500264,10.0,4.16334,7.05105,2.10348,0.345197,5.07358,0.0789248
434,CAS-1,LIMK1 inhibitor BMS4,All,GDSC1,9,0.078125,20.0,5.76006,7.72633,3.61615,0.166999,2.04364,0.115093
435,CAS-1,Linifanib,All,"CTRP2,GDSC1",21,0.004,66.0,4.42807,6.67355,4.07599,0.829429,12.9009,0.0731955
436,CAS-1,Linsitinib,All,"CTRP2,GDSC2,GDSC1",40,0.001,33.0,5.95821,8.49463,4.00851,0.311822,2.87403,0.120526
437,CAS-1,LJI308,All,GDSC2,7,0.0100053,10.0,4.5314,6.61872,2.539,0.218719,2.3529,0.0418129
438,CAS-1,lomeguatrib,All,CTRP2,16,0.002,66.0,5.86066,8.44175,4.68936,0.539023,6.06051,0.067688
439,CAS-1,lovastatin acid,All,CTRP2,16,0.0041,130.0,5.61475,9.74161,4.365,0.679057,14.2664,0.0836427
440,CAS-1,Luminespib,All,"GDSC2,GDSC1",23,0.000250132,1.0,-2.85361,0.583759,-3.29118,0.861054,25.767,0.187125
441,CAS-1,LY-2157299,All,CTRP2,15,0.002,66.0,7.21573,8.50361,5.59968,0.119371,0.49639,0.126782
442,CAS-1,LY-2183240,All,CTRP2,14,0.0041,33.0,5.5913,8.84374,3.57902,0.408669,5.99276,0.14361
443,CAS-1,LY2109761,All,GDSC2,7,0.0100053,10.0,4.42889,6.86345,2.36666,0.26913,3.48553,0.0927786
444,CAS-1,manumycin A,All,CTRP2,16,0.00092,30.0,4.83525,7.06509,3.76752,0.517641,4.93492,0.123724
445,CAS-1,Masitinib,All,"CTRP2,GDSC1",25,0.002,66.0,3.9841,4.82937,3.98048,0.995301,13.7381,0.120275
446,CAS-1,MCT1_6447,All,GDSC1,5,0.0390625,10.0,4.88259,7.00743,2.55983,0.166058,2.1945,0.081544
447,CAS-1,MCT4_1422,All,GDSC1,5,0.0390625,10.0,5.10955,6.5005,2.86461,0.0560509,0.456452,0.0877522
448,CAS-1,Merck60,All,CTRP2,16,0.001,33.0,6.06144,8.06961,4.27184,0.24735,1.73019,0.114652
449,CAS-1,"MetAP2 Inhibitor, A832234",All,GDSC1,9,0.01,2.56,2.87825,4.23149,0.90377,0.0778862,0.624248,0.0754786
450,CAS-1,Methotrexate,All,"CTRP2,GDSC1",25,0.00078125,66.0,4.69076,12.7272,1.51725,0.591482,19.6406,0.138715
451,CAS-1,MG-132,All,"GDSC2,GDSC1",10,0.00390625,4.0,-2.23859,3.25992,-3.02211,0.844717,44.2231,0.149329
452,CAS-1,MGCD-265,All,CTRP2,16,0.002,66.0,5.19879,7.0183,4.74952,0.735195,7.33062,0.145844
453,CAS-1,MI-1,All,CTRP2,16,0.001,33.0,6.44471,8.19097,4.42805,0.146548,0.839043,0.102837
454,CAS-1,Midostaurin,All,GDSC1,9,0.002,0.512,-2.57431,-0.097124,-3.01645,0.806392,23.0906,0.0717667
455,CAS-1,MIM1,All,"GDSC2,GDSC1",15,0.0100053,40.0,5.84703,10.9029,2.95606,0.443196,11.1765,0.0869862
456,CAS-1,MIRA-1,All,GDSC2,7,0.0100053,10.0,4.9923,6.24463,2.91185,0.0506574,0.297336,0.289216
457,CAS-1,Mirin,All,"GDSC2,GDSC1",11,0.100053,100.0,6.78172,9.68249,5.23784,0.473918,8.50308,0.0551359
458,CAS-1,mitomycin,All,CTRP2,13,0.0061,50.0,2.94857,8.69912,1.53816,0.736885,26.4894,0.0987671
459,CAS-1,Mitomycin-C,All,GDSC1,9,0.0625,16.0,1.8089,4.61505,1.41648,0.847566,29.861,0.0611343
460,CAS-1,Mitoxantrone,All,GDSC2,7,0.00300158,3.0,1.47724,8.31142,-1.86846,0.508658,20.895,0.0954673
461,CAS-1,MK-0752,All,CTRP2,15,0.002,66.0,7.83902,9.10858,5.6311,0.0428625,0.168635,0.162123
462,CAS-1,MK-1775,All,"CTRP2,GDSC2",24,0.001,33.0,3.37531,10.1449,0.997678,0.632217,20.2628,0.140677
463,CAS-1,MK-2206,All,"CTRP2,GDSC2,GDSC1",32,0.001,33.0,3.55421,4.5116,3.5266,0.968323,10.0213,0.105308
464,CAS-1,MK-8776,All,GDSC2,7,0.00500264,5.0,2.37276,6.90441,0.0729091,0.493839,13.9321,0.0823694
465,CAS-1,ML030,All,CTRP2,16,0.002,66.0,5.48504,14.8842,1.1501,0.532643,20.7222,0.122035
466,CAS-1,ML050,All,CTRP2,16,0.002,66.0,6.34071,8.1729,5.21588,0.412083,2.95081,0.128221
467,CAS-1,ML162,All,CTRP2,16,0.001,33.0,-2.36739,-1.15592,-2.36739,0.999999,49.3784,0.117597
468,CAS-1,ML203,All,CTRP2,16,0.0011,37.0,6.08651,7.8588,4.52471,0.25212,1.55827,0.0872106
469,CAS-1,ML210,All,CTRP2,16,0.001,33.0,-0.489268,1.4818,-0.493018,0.99791,36.8784,0.133235
470,CAS-1,ML239,All,CTRP2,16,0.002,66.0,6.92343,9.75396,4.86121,0.335736,3.51081,0.115259
471,CAS-1,ML258,All,CTRP2,16,0.002,66.0,7.57668,9.07464,5.53675,0.0955577,0.456175,0.119405
472,CAS-1,ML311,All,CTRP2,17,0.001,66.0,7.63331,19.6484,0.516934,0.427865,17.7314,0.0766112
473,CAS-1,ML312,All,CTRP2,16,0.002,66.0,7.70952,8.85982,5.67075,0.0399018,0.142022,0.141354
474,CAS-1,ML320,All,CTRP2,16,0.002,66.0,6.16627,12.785,2.77511,0.489887,13.3769,0.0737358
475,CAS-1,ML323,All,GDSC2,7,0.0200105,20.0,6.13297,7.61787,3.83071,0.064175,0.449814,0.0842989
476,CAS-1,MLN2238,All,CTRP2,14,0.001,33.0,1.5486,3.99926,1.45549,0.958285,23.6059,0.0724123
477,CAS-1,MN-64,All,GDSC2,7,0.0100053,10.0,4.19154,8.19244,1.5679,0.382824,8.77093,0.131128
478,CAS-1,momelotinib,All,CTRP2,16,0.002,66.0,1.17702,4.6819,1.03286,0.954842,32.8998,0.0654747
479,CAS-1,Motesanib,All,GDSC1,9,0.0078125,2.0,2.71023,3.97081,0.587955,0.0482932,0.354974,0.0586098
480,CAS-1,MPS-1-IN-1,All,GDSC1,9,0.078125,20.0,5.89095,7.72473,3.68207,0.13239,1.48142,0.0459658
481,CAS-1,myricetin,All,CTRP2,16,0.002,66.0,6.20038,8.36983,5.00897,0.460587,4.0604,0.0872861
482,CAS-1,myriocin,All,CTRP2,16,0.001,33.0,5.66721,10.0643,3.0327,0.422817,7.32205,0.0669518
483,CAS-1,nakiterpiosin,All,CTRP2,16,0.001,33.0,3.99097,11.5226,0.890322,0.57623,19.2206,0.115691
484,CAS-1,narciclasine,All,CTRP2,8,0.032,33.0,-0.686836,9.80619,-2.9383,0.768544,53.4826,0.120046
485,CAS-1,Navitoclax,All,"GDSC2,GDSC1",16,0.0078125,10.0,3.42612,5.75525,2.19097,0.475447,6.62556,0.0719216
486,CAS-1,navitoclax:birinapant (1:1 mol/mol),All,CTRP2,16,0.001,33.0,5.23026,7.36015,4.03754,0.45221,3.88681,0.0996959
487,CAS-1,navitoclax:gemcitabine (1:1 mol/mol),All,CTRP2,16,0.001,33.0,0.793139,19.4654,-5.95638,0.62252,41.095,0.101731
488,CAS-1,navitoclax:MST-312 (1:1 mol/mol),All,CTRP2,16,0.001,33.0,2.94248,7.52585,1.79892,0.732558,18.2997,0.07032
489,CAS-1,navitoclax:piperlongumine (1:1 mol/mol),All,CTRP2,15,0.002,33.0,3.73507,6.94571,2.86296,0.710136,12.9138,0.106498
490,CAS-1,navitoclax:pluripotin (1:1 mol/mol),All,CTRP2,16,0.001,33.0,0.951826,5.71811,0.377434,0.868373,29.211,0.202677
491,CAS-1,navitoclax:PLX-4032 (1:1 mol/mol),All,CTRP2,16,0.001,33.0,5.4174,9.39386,3.17216,0.448655,7.17616,0.124959
492,CAS-1,navitoclax:sorafenib (1:1 mol/mol),All,CTRP2,16,0.0015,50.0,4.44866,5.22249,4.42577,0.967506,8.03229,0.124661
493,CAS-1,necrostatin-7,All,CTRP2,16,0.002,66.0,6.75431,8.20548,5.48253,0.254474,1.29214,0.100355
494,CAS-1,Nelarabine,All,"CTRP2,GDSC2",23,0.002,66.0,7.52819,9.06192,5.52009,0.106626,0.524333,0.0695076
495,CAS-1,neopeltolide,All,CTRP2,16,0.001,33.0,0.730736,31.2932,-11.828,0.576915,44.4219,0.130378
496,CAS-1,neratinib,All,CTRP2,16,0.001,33.0,1.92346,3.12064,1.91993,0.996757,20.8039,0.107309
497,CAS-1,NG-25,All,GDSC1,9,0.04,10.24,3.04121,4.5896,2.46065,0.609903,8.29209,0.0705393
498,CAS-1,Nilotinib,All,"CTRP2,GDSC2,CCLE,GDSC1",37,0.002,66.0,3.25577,4.25346,3.25382,0.997853,18.5847,0.145876
499,CAS-1,nintedanib,All,CTRP2,16,0.002,66.0,3.61952,4.05171,3.61952,0.999996,16.1548,0.12442
500,CAS-1,Niraparib,All,GDSC2,7,0.0100053,10.0,5.09599,6.72802,2.77376,0.0840576,0.654452,0.0742202
501,CAS-1,NPC-26,All,CTRP2,16,0.0012,40.0,3.63319,4.25152,3.6318,0.99753,11.2444,0.0485227
502,CAS-1,NPK76-II-72-1,All,GDSC1,9,0.04,10.24,3.26598,4.96578,2.475,0.529104,7.28244,0.0399893
503,CAS-1,NSC 74859,All,CTRP2,16,0.016,530.0,9.50378,31.8854,-1.99191,0.488861,32.0928,0.181924
504,CAS-1,NSC-207895,All,GDSC1,9,0.078125,20.0,6.17622,7.47834,3.89833,0.0419279,0.31729,0.0615336
505,CAS-1,NSC-87877,All,GDSC1,9,0.0625,16.0,6.22192,8.04233,3.39785,0.0640533,0.685508,0.128826
506,CAS-1,NSC30930,All,CTRP2,14,0.002,66.0,7.42652,8.94061,5.52188,0.118604,0.579587,0.11542
507,CAS-1,NSC319726,All,GDSC1,9,0.001,0.256,-0.327485,11.342,-7.3085,0.423487,26.5459,0.101423
508,CAS-1,NSC48300,All,CTRP2,9,0.0041,4.2,4.07407,5.33249,1.66481,0.0293555,0.170636,0.18072
509,CAS-1,NSC632839,All,CTRP2,12,0.016,33.0,3.02382,5.14546,2.81087,0.890177,19.3714,0.121201
510,CAS-1,NSC95397,All,CTRP2,16,0.001,33.0,3.07102,4.12758,3.0554,0.983759,13.1994,0.0688155
511,CAS-1,NU7441,All,GDSC1,9,0.0078125,2.0,2.17552,5.01139,-0.131119,0.286839,5.44063,0.089483
512,CAS-1,Nutlin-3a,All,"CTRP2,GDSC2,CCLE,GDSC1",37,0.0025,150.0,4.86289,5.83654,4.85866,0.995223,14.919,0.0907505
513,CAS-1,NVP-231,All,CTRP2,16,0.002,66.0,3.64041,4.28747,3.64024,0.999715,16.0163,0.119063
514,CAS-1,NVP-ADW742,All,"CTRP2,GDSC2",23,0.002,66.0,3.18631,3.72753,3.18631,0.999991,19.041,0.182837
515,CAS-1,NVP-BHG712,All,GDSC1,9,0.04,10.24,3.43119,5.56148,2.31537,0.480659,7.93752,0.0374946
516,CAS-1,NVP-BSK805,All,CTRP2,16,0.002,66.0,2.79595,3.39821,2.79595,0.999993,21.6416,0.123717
517,CAS-1,NVP-TAE684,All,"CTRP2,CCLE,GDSC1",31,0.002,66.0,0.716297,3.47456,0.680788,0.985858,35.6119,0.0869421
518,CAS-1,Obatoclax Mesylate,All,"CTRP2,GDSC2,GDSC1",31,0.002,66.0,-0.193704,4.13053,-0.352502,0.959678,41.9476,0.119416
519,CAS-1,OF-1,All,GDSC2,7,0.0100053,10.0,4.45423,7.60824,2.03307,0.312424,5.38949,0.0817279
520,CAS-1,Olaparib,All,"CTRP2,GDSC2,GDSC1",32,0.0045,150.0,7.49589,9.72187,6.19727,0.434474,3.84341,0.0875331
521,CAS-1,oligomycin A,All,CTRP2,16,0.001,33.0,4.46044,24.6443,-5.24634,0.515887,32.8339,0.234533
522,CAS-1,Omipalisib,All,GDSC1,9,0.0005,0.128,-0.16397,30.6252,-17.4872,0.450179,38.1734,0.0590752
523,CAS-1,OSI-027,All,"CTRP2,GDSC1",24,0.002,66.0,4.04761,11.5404,1.49551,0.642343,22.8642,0.138614
524,CAS-1,OSI-930,All,"CTRP2,GDSC1",24,0.002,66.0,5.16089,7.89937,4.30676,0.670155,9.20932,0.0928871
525,CAS-1,Osimertinib,All,GDSC2,7,0.00100053,1.0,1.65539,3.25887,-0.542653,0.0937764,0.721122,0.088075
526,CAS-1,OSU-03012,All,GDSC1,9,0.0625,16.0,2.53524,3.4505,2.5112,0.971151,18.4619,0.0952442
527,CAS-1,OTX015,All,GDSC2,7,0.0100053,10.0,3.39307,18.1753,-4.04554,0.497356,32.7407,0.114616
528,CAS-1,ouabain,All,CTRP2,14,0.0081,270.0,-1.52985,8.51808,-2.53098,0.890974,59.3316,0.178905
529,CAS-1,Oxaliplatin,All,GDSC2,14,0.0100053,20.0,6.11453,7.86651,3.72822,0.0955078,0.729959,0.0835798
530,CAS-1,P22077,All,GDSC2,7,0.0100053,10.0,5.61157,6.90756,2.90704,0.020196,0.120764,0.133872
531,CAS-1,PAC-1,All,"CTRP2,GDSC1",25,0.001,33.0,5.48439,8.12025,3.85599,0.40932,4.20766,0.114101
532,CAS-1,Paclitaxel,All,"CTRP2,GDSC2,CCLE,GDSC1",37,1.00053e-05,66.0,-0.40619,13.0521,-3.64803,0.741376,34.7122,0.206396
533,CAS-1,PAK_5339,All,GDSC2,7,0.0300158,30.0,4.23659,5.01692,4.14262,0.86846,7.22913,0.0707729
534,CAS-1,Palbociclib,All,"GDSC2,CCLE,GDSC1",29,0.0025,10.0,5.36571,11.3159,0.873111,0.319796,8.59347,0.10715
535,CAS-1,pandacostat,All,CTRP2,16,0.001,33.0,8.20212,19.0178,0.482124,0.344908,13.0629,0.0813603
536,CAS-1,Panobinostat,All,"CCLE,GDSC1",16,0.0025,8.0,-4.4284,-1.43952,-4.43991,0.995768,63.331,0.102576
537,CAS-1,parbendazole,All,CTRP2,11,0.002,66.0,7.80553,20.1776,0.386472,0.422439,18.7312,0.0983146
538,CAS-1,PARP_0108,All,GDSC1,5,0.00976562,2.5,2.21218,7.11161,-0.868626,0.401493,13.7952,0.0881587
539,CAS-1,PARP_9482,All,GDSC1,5,0.00976562,2.5,2.45272,9.48357,-1.85909,0.412561,19.0369,0.0508941
540,CAS-1,PARP_9495,All,GDSC1,5,0.00976562,2.5,0.941576,19.5682,-8.12007,0.511215,39.6675,0.183441
541,CAS-1,Parthenolide,All,"CTRP2,GDSC1",23,0.002,66.0,6.26951,8.53767,4.98004,0.445696,4.05785,0.0916951
542,CAS-1,Pazopanib,All,"CTRP2,GDSC1",18,0.002,66.0,5.21909,12.0847,2.31163,0.56565,17.1382,0.140486
543,CAS-1,PCI-34051,All,GDSC2,7,0.0100053,10.0,5.06049,6.43664,2.86859,0.0586414,0.379815,0.0725123
544,CAS-1,PD0325901,All,"GDSC2,CCLE,GDSC1",22,0.000250132,8.0,3.00396,5.93181,1.53739,0.499257,6.1586,0.064406
545,CAS-1,PD173074,All,"GDSC2,GDSC1",15,0.00200105,2.0,1.95067,4.86617,-0.209697,0.328173,5.29276,0.0925382
546,CAS-1,PD318088,All,CTRP2,8,0.0041,17.0,5.89861,7.15229,3.68016,0.040147,0.194543,0.0905042
547,CAS-1,PDMP,All,CTRP2,16,0.0065,210.0,6.84098,7.64176,6.78,0.916531,6.04174,0.0702634
548,CAS-1,Pelitinib,All,GDSC1,9,0.00976562,2.5,2.02713,17.1071,-5.99093,0.474335,33.9065,0.0572269
549,CAS-1,Pemetrexed,All,GDSC1,9,0.01,2.56,2.82853,8.76669,-1.20528,0.36707,14.4517,0.128385
550,CAS-1,Pevonedistat,All,"CTRP2,GDSC2,GDSC1",28,0.0011,37.0,4.69872,9.27604,2.73629,0.560986,11.3914,0.14959
551,CAS-1,PF-00299804,All,GDSC1,9,0.078125,20.0,2.85374,3.81133,2.82472,0.966716,18.5367,0.0674074
552,CAS-1,PF-4708671,All,GDSC1,9,0.0390625,10.0,5.22939,6.83097,2.79054,0.0680604,0.642225,0.0573933
553,CAS-1,PF-562271,All,GDSC1,9,0.01,2.56,1.87295,6.3654,-0.731901,0.437143,14.2951,0.0853745
554,CAS-1,PF-573228,All,CTRP2,16,0.002,66.0,4.8923,10.1449,2.96951,0.618204,15.2867,0.0597846
555,CAS-1,PF-750,All,CTRP2,16,0.0081,270.0,8.41408,10.3456,7.20977,0.405245,3.04012,0.140152
556,CAS-1,PFI-1,All,GDSC1,5,0.0390625,10.0,3.41496,8.52819,0.795914,0.490007,18.7028,0.0645638
557,CAS-1,PFI-3,All,GDSC1,5,0.0390625,10.0,4.78327,7.4139,2.3273,0.227834,3.86392,0.0551204
558,CAS-1,PFI3,All,GDSC2,7,0.0100053,10.0,4.82179,6.22453,2.84966,0.0871167,0.583939,0.0837702
559,CAS-1,PHA-665752,All,"CCLE,GDSC1",16,0.0025,8.0,4.57775,6.06538,2.49855,0.0886422,0.539716,0.0690468
560,CAS-1,PHA-793887,All,"CTRP2,GDSC1",23,0.002,66.0,4.20291,10.2932,2.24148,0.66024,19.7755,0.0762446
561,CAS-1,Phenformin,All,GDSC1,9,15.625,4000.0,11.0873,13.3133,10.4694,0.704144,15.4116,0.124305
562,CAS-1,PI-103,All,"CTRP2,GDSC1",25,0.0011,37.0,3.20304,10.2932,0.849169,0.650625,22.1909,0.125021
563,CAS-1,PI3Ka_4409,All,GDSC1,5,0.0390625,10.0,3.94433,9.35976,0.804731,0.437201,16.7917,0.0694463
564,CAS-1,Picolinici-acid,All,GDSC2,7,0.0100053,10.0,4.93716,6.6481,2.73475,0.111618,0.924824,0.0473453
565,CAS-1,Pictilisib,All,"CTRP2,GDSC2,GDSC1",37,0.002,66.0,3.43253,10.2121,1.52132,0.69983,24.3711,0.0923797
566,CAS-1,pifithrin-mu,All,CTRP2,16,0.001,33.0,6.16931,7.67413,4.50643,0.162122,0.807065,0.158387
567,CAS-1,PIK-93,All,"CTRP2,GDSC1",25,0.002,66.0,3.98902,10.0547,2.14553,0.677987,20.673,0.0905863
568,CAS-1,Pilaralisib,All,GDSC1,9,0.078125,20.0,4.13944,6.90171,2.87698,0.536225,12.0431,0.056332
569,CAS-1,Piperlongumine,All,"CTRP2,GDSC1",21,0.001,33.0,3.74057,5.29416,3.54621,0.863419,9.37808,0.201364
570,CAS-1,piperlongumine:MST-312 (1:1 mol/mol),All,CTRP2,16,0.001,33.0,5.09834,7.95259,3.635,0.489619,5.82078,0.157832
571,CAS-1,PL-DI,All,CTRP2,16,0.002,66.0,1.87739,2.96466,1.87717,0.99978,27.7619,0.0843574
572,CAS-1,Platin,All,CTRP2,16,0.002,66.0,7.60301,12.815,3.85353,0.341398,6.58528,0.0544238
573,CAS-1,PLK_6522,All,GDSC1,5,0.00244141,0.625,-0.046559,7.04366,-4.0261,0.45123,21.5166,0.0394785
574,CAS-1,PLX-4032,All,CTRP2,16,0.001,33.0,4.55059,6.51796,3.8643,0.634482,6.00362,0.10298
575,CAS-1,PLX-4720,All,"CTRP2,GDSC2,CCLE,GDSC1",39,0.001,33.0,5.49453,7.87296,3.98548,0.397511,3.654,0.0881216
576,CAS-1,Podophyllotoxin bromide,All,GDSC2,7,0.00100053,1.0,0.370556,5.73089,-2.56279,0.4621,14.8292,0.0906799
577,CAS-1,Ponatinib,All,GDSC1,9,0.002,0.512,-1.79364,0.723922,-2.57114,0.673161,15.9892,0.0537345
578,CAS-1,PRIMA-1,All,CTRP2,9,0.02,170.0,5.62026,6.43622,5.61431,0.99198,13.7293,0.0848254
579,CAS-1,PRIMA-1MET,All,"CTRP2,GDSC2",23,0.001,33.0,6.26364,10.0776,3.45711,0.331277,4.65222,0.0919733
580,CAS-1,PRL-3 Inhibitor I,All,CTRP2,16,0.0041,130.0,6.64477,7.42049,6.46028,0.74451,3.22193,0.138672
581,CAS-1,procarbazine,All,CTRP2,16,0.002,66.0,7.15863,19.26,0.340666,0.449594,19.9959,0.124056
582,CAS-1,prochlorperazine,All,CTRP2,11,0.0081,66.0,3.75399,4.31426,3.75393,0.999874,17.6292,0.0783571
583,CAS-1,PRT062607,All,GDSC2,7,0.0100053,10.0,4.55143,7.32046,2.23078,0.273763,4.04364,0.12398
584,CAS-1,purmorphamine,All,CTRP2,16,0.0046,150.0,6.67545,11.1871,4.77152,0.566969,11.4501,0.0831989
585,CAS-1,PX-12,All,CTRP2,16,0.003,100.0,5.19379,24.2499,-3.39495,0.541702,34.0802,0.181282
586,CAS-1,PYR-41,All,CTRP2,8,0.002,66.0,6.43899,9.42158,4.67232,0.427835,5.0491,0.0731505
587,CAS-1,pyrazolanthrone,All,CTRP2,16,0.002,66.0,7.83637,9.55856,5.46225,0.0922677,0.505501,0.110712
588,CAS-1,Pyridostatin,All,GDSC2,7,0.0100053,10.0,3.35261,6.04904,1.98386,0.49375,8.37957,0.0432501
589,CAS-1,Pyrimethamine,All,GDSC1,9,0.078125,20.0,5.91846,7.25287,3.87944,0.067306,0.528957,0.0899406
590,CAS-1,QL-VIII-58,All,GDSC1,5,0.0390625,10.0,-0.902867,7.79242,-2.974,0.744134,51.3101,0.043507
591,CAS-1,QL-X-138,All,GDSC1,9,0.04,10.24,2.12022,8.60034,-0.355799,0.60326,30.5369,0.0279961
592,CAS-1,QL-XI-92,All,GDSC1,9,0.04,10.24,4.09792,7.27567,1.97491,0.374516,8.44005,0.0823614
593,CAS-1,QL-XII-47,All,GDSC1,9,0.04,10.24,2.29984,4.53144,1.75681,0.738856,17.0325,0.049415
594,CAS-1,QL-XII-61,All,GDSC1,5,0.0390625,10.0,4.27708,9.13265,1.16906,0.393596,13.3414,0.0768292
595,CAS-1,QS11,All,"CTRP2,GDSC1",25,0.001,33.0,6.82785,8.20772,4.59101,0.0552066,0.237597,0.10157
596,CAS-1,Quizartinib,All,"CTRP2,GDSC1",16,0.004,17.0,4.43741,6.64042,3.0896,0.413619,4.4402,0.118227
597,CAS-1,RAF_9304,All,GDSC1,5,0.0390625,10.0,3.81214,9.65442,0.554361,0.45404,18.7782,0.0703382
598,CAS-1,RAF265,All,"CTRP2,CCLE",24,0.002,66.0,4.90385,16.888,-0.354923,0.552089,26.4336,0.153593
599,CAS-1,Rapamycin,All,"CTRP2,GDSC2,GDSC1",32,2.00105e-05,33.0,11.061,37.1185,-6.29688,0.375819,21.3031,0.111861
600,CAS-1,Refametinib,All,GDSC1,9,0.0195312,5.0,2.36677,4.60958,1.21525,0.48902,8.56214,0.0532765
601,CAS-1,Regorafenib,All,CTRP2,12,0.032,66.0,4.41938,5.75327,4.34113,0.935642,15.126,0.111293
602,CAS-1,Repligen 136,All,CTRP2,16,0.002,66.0,7.3198,9.33899,5.29933,0.199749,1.36424,0.145295
603,CAS-1,RG-108,All,CTRP2,16,0.0081,270.0,8.02974,9.11703,7.51698,0.523763,2.4433,0.123215
604,CAS-1,rigosertib,All,CTRP2,16,0.002,66.0,6.11924,18.4646,-0.103461,0.49667,23.2267,0.079761
605,CAS-1,RITA,All,CTRP2,16,0.001,33.0,6.86629,13.136,2.39791,0.345589,8.00861,0.0885417
606,CAS-1,RO-3306,All,GDSC1,9,0.0195312,5.0,4.2729,6.06005,1.72202,0.0832767,0.883975,0.0617589
607,CAS-1,rTRAIL,All,GDSC1,5,0.000390625,0.1,0.268542,2.03841,-3.88492,0.0114593,0.116042,0.0514041
608,CAS-1,RU-SKI 43,All,GDSC1,9,0.078125,20.0,5.98537,7.37289,3.86195,0.0669721,0.547185,0.134503
609,CAS-1,Rucaparib,All,GDSC1,9,0.0195312,5.0,3.09651,5.32086,1.40848,0.317533,4.8323,0.115225
610,CAS-1,Ruxolitinib,All,"CTRP2,GDSC2,GDSC1",32,0.002,66.0,5.55451,7.58218,4.83693,0.62968,6.10738,0.0992596
611,CAS-1,RVX-208,All,GDSC2,7,0.0100053,10.0,3.7428,7.57675,1.53428,0.439991,10.107,0.109056
612,CAS-1,S-Trityl-L-cysteine,All,GDSC1,9,0.02,5.12,3.88756,5.13357,1.94434,0.0629441,0.460844,0.0441028
613,CAS-1,Sabutoclax,All,GDSC2,7,0.0100053,10.0,-0.113488,4.3228,-0.741449,0.845732,37.0866,0.0360572
614,CAS-1,salermide:PLX-4032 (12:1 mol/mol),All,CTRP2,15,0.0066,220.0,7.72113,9.80758,6.71763,0.515853,4.58443,0.100924
615,CAS-1,Salubrinal,All,GDSC1,9,0.0625,16.0,4.47937,6.47353,3.13641,0.370941,5.25764,0.079903
616,CAS-1,Sapitinib,All,GDSC2,14,0.00500264,10.0,4.0907,6.23313,2.44637,0.312506,3.33198,0.121439
617,CAS-1,Saracatinib,All,"CTRP2,CCLE,GDSC1",28,0.0025,66.0,5.4279,11.7032,2.68612,0.553756,15.5489,0.10769
618,CAS-1,Savolitinib,All,GDSC2,7,0.00100053,1.0,1.87233,3.7501,-0.638862,0.100574,0.909038,0.124895
619,CAS-1,SB-225002,All,CTRP2,16,0.0011,37.0,4.10629,9.87405,1.90422,0.603543,16.0641,0.0776706
620,CAS-1,SB-431542,All,CTRP2,16,0.002,66.0,7.84122,9.04346,5.65497,0.0361285,0.134137,0.135016
621,CAS-1,SB-525334,All,CTRP2,16,0.002,66.0,9.56648,34.7661,-5.4972,0.423823,28.2774,0.133394
622,CAS-1,SB-743921,All,CTRP2,16,0.001,33.0,-0.479287,3.43209,-0.632424,0.957014,37.2633,0.141329
623,CAS-1,SB216763,All,GDSC1,9,0.0390625,10.0,4.68023,6.57428,2.63958,0.171402,2.02576,0.0754139
624,CAS-1,SB505124,All,GDSC1,10,0.0390625,20.0,4.47778,6.40383,3.40784,0.455669,5.92346,0.064219
625,CAS-1,SB52334,All,GDSC1,9,0.078125,20.0,6.00896,7.83228,3.69411,0.115784,1.27633,0.0883135
626,CAS-1,SB590885,All,GDSC1,9,0.0195312,5.0,4.23032,5.44572,1.9298,0.030768,0.216084,0.124893
627,CAS-1,SCH-529074,All,CTRP2,16,0.001,33.0,2.55278,3.04412,2.55277,0.999986,16.5995,0.0837236
628,CAS-1,SCH-79797,All,CTRP2,16,0.0011,37.0,0.481437,5.98028,-0.17974,0.868667,33.5159,0.192524
629,CAS-1,SCH772984,All,GDSC2,7,0.00500264,5.0,2.83897,10.2593,-1.22455,0.4618,19.508,0.113381
630,CAS-1,Seliciclib,All,GDSC1,9,0.0625,16.0,5.23726,6.73379,3.47466,0.139848,1.28255,0.121416
631,CAS-1,Selisistat,All,"CTRP2,GDSC1",21,0.0024,80.0,7.33526,10.3998,5.05314,0.325954,3.66163,0.0764463
632,CAS-1,Selumetinib,All,"GDSC2,CCLE,GDSC1",23,0.0025,10.0,4.62397,9.04928,1.45732,0.343784,7.06745,0.0859776
633,CAS-1,selumetinib:BRD-A02303741 (4:1 mol/mol),All,CTRP2,16,0.0051,170.0,6.56045,7.98993,6.27852,0.786657,6.68939,0.169326
634,CAS-1,selumetinib:decitabine (4:1 mol/mol),All,CTRP2,16,0.0051,170.0,7.44333,10.948,5.6683,0.494681,7.24536,0.166285
635,CAS-1,selumetinib:GDC-0941 (4:1 mol/mol),All,CTRP2,16,0.0051,170.0,3.05608,4.8854,3.0472,0.994669,29.004,0.0779526
636,CAS-1,selumetinib:MK-2206 (8:1 mol/mol),All,CTRP2,16,0.0046,150.0,2.72341,9.97033,1.36366,0.796735,34.1524,0.108358
637,CAS-1,selumetinib:navitoclax (8:1 mol/mol),All,CTRP2,16,0.0046,150.0,3.61841,12.863,1.03479,0.702265,32.1834,0.144127
638,CAS-1,selumetinib:piperlongumine (8:1 mol/mol),All,CTRP2,16,0.0046,150.0,7.03781,7.75758,6.79222,0.64178,2.24306,0.153219
639,CAS-1,selumetinib:PLX-4032 (8:1 mol/mol),All,CTRP2,16,0.0046,150.0,5.68963,7.61334,5.43029,0.852963,11.1948,0.134633
640,CAS-1,selumetinib:tretinoin (2:1 mol/mol),All,CTRP2,16,0.0061,200.0,6.915,10.1178,5.75709,0.622463,9.46484,0.0917248
641,CAS-1,selumetinib:UNC0638 (4:1 mol/mol),All,CTRP2,16,0.0051,170.0,3.65806,4.2893,3.65806,0.999998,24.9678,0.0701189
642,CAS-1,selumetinib:vorinostat (8:1 mol/mol),All,CTRP2,16,0.0046,150.0,3.88614,5.96791,3.83208,0.971476,22.4778,0.12622
643,CAS-1,semagacestat,All,CTRP2,16,0.002,66.0,7.96626,15.061,3.01997,0.355442,9.33443,0.0916078
644,CAS-1,Sepantronium bromide,All,"CTRP2,GDSC2,GDSC1",31,3.2e-05,10.0,-5.82811,-4.58065,-5.82811,1.0,50.1276,0.123812
645,CAS-1,Serdemetan,All,"CTRP2,GDSC1",25,0.001,33.0,3.12838,5.80706,2.70484,0.828017,14.2974,0.125154
646,CAS-1,serdemetan:SCH-529074 (1:1 mol/mol),All,CTRP2,16,0.001,33.0,3.34385,4.36422,3.32059,0.974959,11.4077,0.120964
647,CAS-1,SGC0946,All,GDSC1,5,0.00195312,0.5,0.939192,2.44049,-1.49332,0.0552991,0.485859,0.0580937
648,CAS-1,SGX-523,All,CTRP2,16,0.002,66.0,6.96276,10.0616,4.74008,0.342726,3.94287,0.14457
649,CAS-1,Shikonin,All,GDSC1,9,0.0625,16.0,-0.195442,1.86597,-0.21664,0.988703,52.3747,0.0828631
650,CAS-1,SID 26681509,All,CTRP2,16,0.009,300.0,5.24592,6.98866,5.20985,0.977264,19.9747,0.0910967
651,CAS-1,sildenafil,All,CTRP2,16,0.016,530.0,11.1994,12.3904,8.66901,0.0186053,0.0677971,0.122705
652,CAS-1,silmitasertib,All,CTRP2,16,0.002,66.0,3.86749,7.02685,3.34309,0.819647,16.4068,0.0605204
653,CAS-1,simvastatin,All,CTRP2,16,0.001,33.0,2.95242,7.24909,1.93076,0.744557,17.7622,0.0731564
654,CAS-1,Sinularin,All,GDSC2,7,0.00300158,3.0,3.41649,5.3717,0.913091,0.113224,1.07302,0.101021
655,CAS-1,sirolimus:bortezomib (250:1 mol/mol),All,CTRP2,16,0.00051,17.0,2.96474,35.8132,-12.7204,0.518766,39.6815,0.156699
656,CAS-1,sitagliptin,All,CTRP2,16,0.002,66.0,8.05726,9.31478,5.63926,0.0288326,0.111552,0.172909
657,CAS-1,SJ-172550,All,CTRP2,15,0.001,17.0,6.17994,13.8311,0.830089,0.354137,10.5935,0.0842221
658,CAS-1,SKI-II,All,CTRP2,10,0.0081,8.3,5.62544,17.2392,-2.02715,0.38068,20.6392,0.128003
659,CAS-1,SL0101,All,GDSC1,9,0.0390625,10.0,5.08999,6.8515,2.72323,0.0992671,1.04763,0.070209
660,CAS-1,SMER-3,All,CTRP2,16,0.002,66.0,0.231959,1.73098,0.231687,0.999801,38.7242,0.0509038
661,CAS-1,SN-38,All,"CTRP2,GDSC1",26,4.1e-05,1.3,-1.37239,6.90295,-4.43728,0.614174,23.2429,0.0816801
662,CAS-1,SNS-032,All,CTRP2,16,0.002,66.0,-0.611885,4.54181,-0.871631,0.944686,44.7968,0.180635
663,CAS-1,SNX-2112,All,"CTRP2,GDSC1",25,0.001,33.0,2.15453,7.9144,0.819405,0.750709,24.0897,0.119744
664,CAS-1,SNX-2112:bortezomib (250:1 mol/mol),All,CTRP2,16,0.00051,17.0,0.102004,7.42261,-1.47366,0.767849,31.5912,0.0748443
665,CAS-1,Sorafenib,All,"CTRP2,GDSC2,CCLE,GDSC1",38,0.002,66.0,4.09726,5.11616,4.08355,0.985211,13.0181,0.159102
666,CAS-1,spautin-1,All,CTRP2,16,0.002,66.0,7.8489,19.2558,0.875649,0.413967,17.1522,0.122842
667,CAS-1,Sphingosine Kinase 1 Inhibitor II,All,"CTRP2,GDSC1",24,0.001,33.0,3.20103,5.35946,2.93858,0.867208,13.2132,0.110759
668,CAS-1,SR-II-138A,All,CTRP2,12,0.0041,33.0,1.56223,22.2861,-6.62635,0.591264,42.3917,0.118787
669,CAS-1,SR1001,All,CTRP2,16,0.002,66.0,6.87998,9.23057,5.08231,0.31409,2.687,0.084381
670,CAS-1,Staurosporine,All,"CTRP2,GDSC2",21,0.0001,3.3,0.118651,3.80513,-0.838314,0.722302,14.3173,0.211637
671,CAS-1,StemRegenin 1,All,CTRP2,16,0.002,66.0,4.12366,5.11121,4.11131,0.986258,12.8376,0.111165
672,CAS-1,STF-31,All,CTRP2,16,0.002,66.0,2.28576,4.91677,2.18625,0.95847,25.3783,0.122777
673,CAS-1,STF-62247,All,GDSC1,9,0.04,10.24,4.9517,6.47517,2.84166,0.0910255,0.827159,0.0767243
674,CAS-1,SU11274,All,"CTRP2,GDSC1",25,0.002,66.0,7.77226,9.1038,5.60708,0.0546185,0.226764,0.11115
675,CAS-1,Sunitinib,All,"CTRP2,GDSC1",24,0.002,66.0,3.35171,3.94714,3.35168,0.999952,17.9392,0.0946536
676,CAS-1,T-5345967,All,CTRP2,10,0.016,530.0,7.62409,8.91355,7.52887,0.919048,9.82509,0.123092
677,CAS-1,T0901317,All,GDSC1,9,0.04,10.24,4.96477,6.25186,2.93161,0.0603053,0.455444,0.10264
678,CAS-1,tacrolimus,All,CTRP2,16,0.0023,74.0,5.70803,6.2854,5.63975,0.870817,3.59148,0.126448
679,CAS-1,TAF1_5496,All,GDSC2,7,0.0100053,10.0,5.09654,6.78197,2.7532,0.0900127,0.726077,0.104676
680,CAS-1,TAK-715,All,GDSC1,9,0.078125,20.0,6.6792,8.20366,3.8295,0.0323717,0.28539,0.0755006
681,CAS-1,Talazoparib,All,"GDSC2,GDSC1",11,0.0100053,10.0,4.6946,8.0061,2.0011,0.286839,5.10452,0.117444
682,CAS-1,tamatinib,All,CTRP2,16,0.001,33.0,3.81516,10.4217,1.27329,0.600805,18.1914,0.162722
683,CAS-1,Tamoxifen,All,"CTRP2,GDSC2,GDSC1",28,0.003,100.0,4.80104,5.75299,4.7889,0.985984,12.3059,0.0878739
684,CAS-1,Tanespimycin,All,"CTRP2,CCLE,GDSC1",31,0.001,33.0,2.70869,8.22059,1.25061,0.717296,21.0073,0.126401
685,CAS-1,tanespimycin:bortezomib (250:1 mol/mol),All,CTRP2,16,0.00051,17.0,2.13859,5.49011,1.46286,0.782052,15.465,0.10278
686,CAS-1,tanespimycin:gemcitabine (1:1 mol/mol),All,CTRP2,15,0.001,33.0,1.80512,7.12912,0.782063,0.791972,25.2206,0.0727451
687,CAS-1,TANK_1366,All,GDSC1,5,0.00976562,2.5,1.91275,8.96452,-2.01884,0.454107,21.6157,0.130631
688,CAS-1,Taselisib,All,GDSC2,21,0.00400211,10.0,3.191,7.33712,1.20421,0.517339,12.1331,0.134988
689,CAS-1,Telomerase Inhibitor IX,All,"CTRP2,GDSC2",23,0.001,33.0,3.64742,6.51367,2.96647,0.744768,11.8676,0.17399
690,CAS-1,Temozolomide,All,"CTRP2,GDSC2,GDSC1",27,0.002,66.0,8.11843,9.76796,5.5007,0.059375,0.306146,0.0725967
691,CAS-1,Temsirolimus,All,"CTRP2,GDSC1",25,0.00078125,66.0,3.98518,26.2347,-5.81428,0.550664,36.0159,0.112416
692,CAS-1,Teniposide,All,"CTRP2,GDSC2",23,0.001,33.0,2.31221,6.03203,1.74471,0.833945,20.2423,0.0645288
693,CAS-1,Tenovin-6,All,GDSC1,9,0.078125,20.0,2.66425,3.32782,2.66176,0.995885,20.7365,0.0786403
694,CAS-1,TGX221,All,"CTRP2,GDSC1",24,0.002,66.0,5.13753,19.3277,-1.36733,0.535047,28.3585,0.121899
695,CAS-1,Thapsigargin,All,GDSC1,9,0.002,0.512,-0.201689,62.1372,-31.8828,0.493268,45.8188,0.0971565
696,CAS-1,THZ-2-102-1,All,GDSC1,9,0.00976562,2.5,3.09497,4.30911,0.927853,0.0388419,0.273641,0.22158
697,CAS-1,THZ-2-49,All,GDSC1,9,0.078125,20.0,3.61393,4.88762,3.34524,0.772301,10.7222,0.0717038
698,CAS-1,tigecycline,All,CTRP2,16,0.002,66.0,6.04023,8.0018,5.06222,0.501166,4.13645,0.102784
699,CAS-1,Tipifarnib,All,GDSC1,9,0.0625,16.0,3.55153,10.0233,0.606921,0.537992,25.6982,0.0681475
700,CAS-1,tipifarnib-P1,All,CTRP2,16,0.001,33.0,5.50725,6.69462,4.56577,0.298068,1.27418,0.127954
701,CAS-1,tipifarnib-P2,All,CTRP2,16,0.001,33.0,5.32731,22.0868,-3.24222,0.490728,27.8694,0.158521
702,CAS-1,Tivozanib,All,"CTRP2,GDSC1",21,0.0005,33.0,4.09367,5.37242,3.90183,0.836661,6.5865,0.140034
703,CAS-1,TKI258,All,CCLE,8,0.0025,8.0,3.28874,6.8531,1.30847,0.45562,8.46319,0.0657329
704,CAS-1,TL-1-85,All,GDSC1,9,0.04,10.24,3.30539,4.24245,2.87002,0.529716,4.02174,0.0503568
705,CAS-1,TL-2-105,All,GDSC1,9,0.04,10.24,4.53562,9.3784,1.26241,0.369319,12.2749,0.0565172
706,CAS-1,Topotecan,All,"CTRP2,GDSC2,CCLE",31,0.002,66.0,2.10496,10.7965,-0.0832664,0.730251,32.972,0.126112
707,CAS-1,Torin 2,All,GDSC1,9,0.078125,20.0,-2.13448,4.45389,-2.76062,0.895969,67.2617,0.0358473
708,CAS-1,Tozasertib,All,GDSC1,9,0.0078125,2.0,2.06356,4.53715,0.0196905,0.279945,4.61722,0.0976084
709,CAS-1,TPCA-1,All,"CTRP2,GDSC1",22,0.002,66.0,6.73526,12.9763,3.13602,0.439491,10.8798,0.0690152
710,CAS-1,Trametinib,All,"GDSC2,GDSC1",12,0.00100053,1.0,-0.566086,6.9618,-3.96321,0.541213,24.6444,0.0615255
711,CAS-1,Tretinoin,All,GDSC1,9,0.0390625,10.0,5.01189,6.3339,2.88701,0.0568521,0.440214,0.128675
712,CAS-1,tretinoin:carboplatin (2:1 mol/mol),All,CTRP2,16,0.003,100.0,7.74135,9.03292,6.19265,0.133883,0.562347,0.0973181
713,CAS-1,tretinoin:navitoclax (4:1 mol/mol),All,CTRP2,16,0.0025,83.0,6.74978,9.35816,5.18311,0.421731,4.32924,0.140457
714,CAS-1,Trichostatin A,All,GDSC1,9,0.004,1.024,-2.50009,-0.904271,-2.54312,0.970384,31.9469,0.0551083
715,CAS-1,trifluoperazine,All,CTRP2,10,0.002,33.0,3.32195,4.60263,3.2642,0.950506,12.5054,0.114058
716,CAS-1,triptolide,All,CTRP2,16,8.7e-06,0.29,-3.50208,-1.8792,-3.63418,0.910811,11.8818,0.078357
717,CAS-1,TTK_3146,All,GDSC1,5,0.0390625,10.0,3.90222,6.75429,2.06207,0.390061,7.99995,0.0628876
718,CAS-1,Tubastatin A,All,"CTRP2,GDSC1",25,0.001,33.0,5.19929,10.0597,2.66461,0.482502,9.6926,0.131713
719,CAS-1,TW 37,All,"CTRP2,GDSC1",25,0.001,33.0,4.91265,12.3261,1.29318,0.50976,15.7521,0.14186
720,CAS-1,TWS119,All,GDSC1,9,0.078125,20.0,1.3855,3.31282,1.32588,0.966028,37.0502,0.0848455
721,CAS-1,Ulixertinib,All,GDSC2,14,0.00200105,10.0,4.61281,10.3157,0.833798,0.378163,9.92285,0.0690829
722,CAS-1,ULK1_4989,All,GDSC2,7,0.0300158,30.0,2.56692,7.67854,1.28979,0.732204,29.8942,0.0666932
723,CAS-1,UMI-77,All,GDSC2,7,0.0100053,10.0,3.11211,4.15309,2.72073,0.608943,4.46385,0.065864
724,CAS-1,UNC0321,All,CTRP2,16,0.001,33.0,6.54199,7.97822,4.55906,0.091862,0.419619,0.115592
725,CAS-1,UNC0638,All,"CTRP2,GDSC1",26,0.001,40.0,2.67878,3.42237,2.6785,0.999595,17.2903,0.148894
726,CAS-1,UNC0638:navitoclax (1:1 mol/mol),All,CTRP2,16,0.001,33.0,2.57532,3.00129,2.57532,0.999997,16.4494,0.0637862
727,CAS-1,UNC0642,All,GDSC1,5,0.00195312,0.5,1.00129,2.64165,-1.54263,0.0641239,0.618441,0.0952436
728,CAS-1,UNC1215,All,GDSC1,5,0.00390625,1.0,1.38054,3.38123,-0.725991,0.180029,2.25878,0.0659797
729,CAS-1,Uprosertib,All,GDSC2,8,0.0100053,10.0,3.8945,12.0405,-0.569844,0.461466,20.918,0.085075
730,CAS-1,valdecoxib,All,CTRP2,16,0.018,600.0,8.49852,9.13057,8.45634,0.926816,5.00616,0.139775
731,CAS-1,vandetanib,All,CTRP2,16,0.002,66.0,3.97497,6.0087,3.79563,0.903418,14.4131,0.0820067
732,CAS-1,VE-822,All,GDSC2,7,0.00500264,5.0,3.37788,5.77015,1.37825,0.274909,3.51177,0.0968779
733,CAS-1,VE821,All,GDSC2,7,0.0100053,10.0,4.28572,7.50699,1.96796,0.341323,6.1341,0.0888092
734,CAS-1,Veliparib,All,"CTRP2,GDSC1",23,0.001,33.0,7.13589,8.36245,4.65091,0.0230527,0.086737,0.0804638
735,CAS-1,Venetoclax,All,GDSC2,7,0.00100053,1.0,1.56111,3.12563,-0.53223,0.100432,0.756279,0.114126
736,CAS-1,Venotoclax,All,GDSC1,9,0.001,0.256,0.571572,4.10487,-3.23836,0.171095,3.74329,0.100777
737,CAS-1,VER-155008,All,CTRP2,16,0.0011,37.0,6.48183,7.77744,4.76761,0.103601,0.42886,0.108343
738,CAS-1,Vinblastine,All,"GDSC2,GDSC1",15,0.000100053,0.1,-2.45175,4.48484,-6.52594,0.431524,16.8854,0.151802
739,CAS-1,Vincristine,All,"CTRP2,GDSC2",23,0.00300158,130.0,2.28747,15.2366,-1.48154,0.690706,39.1012,0.107924
740,CAS-1,Vinorelbine,All,"GDSC2,GDSC1",16,0.000100053,0.1,-0.105779,19.4474,-12.15,0.41062,28.9173,0.146091
741,CAS-1,Vismodegib,All,GDSC1,9,0.0390625,10.0,5.07334,6.41592,2.88125,0.0538445,0.422747,0.143144
742,CAS-1,VNLG-124,All,GDSC1,9,0.02,5.12,4.27779,5.57314,1.93629,0.0369846,0.277716,0.0552712
743,CAS-1,vorapaxar,All,CTRP2,16,0.002,66.0,7.40542,8.81867,5.56093,0.107549,0.487574,0.0951035
744,CAS-1,Vorinostat,All,"GDSC2,GDSC1",15,0.0100053,10.0,3.01348,4.80298,2.31089,0.593566,7.35835,0.13318
745,CAS-1,vorinostat:carboplatin (1:1 mol/mol),All,CTRP2,12,0.032,66.0,4.70393,6.86138,4.29884,0.7966,14.2023,0.107412
746,CAS-1,vorinostat:navitoclax (4:1 mol/mol),All,CTRP2,16,0.001,33.0,1.82138,7.33009,0.717768,0.783392,25.3987,0.0571897
747,CAS-1,Voxtalisib,All,GDSC1,9,0.078125,20.0,4.6395,8.57156,2.45562,0.455751,13.3951,0.105813
748,CAS-1,VSP34_8731,All,GDSC2,7,0.0300158,30.0,3.28209,4.73325,3.17792,0.9213,16.8482,0.0584882
749,CAS-1,VU0155056,All,CTRP2,16,0.002,66.0,8.00652,9.20615,5.6585,0.0267575,0.0986522,0.0968134
750,CAS-1,VX-11e,All,"GDSC2,GDSC1",16,0.0100053,10.0,3.47974,9.37109,0.427834,0.48529,17.2602,0.053541
751,CAS-1,VX-702,All,GDSC1,9,0.0078125,2.0,2.35342,3.90362,0.460976,0.128049,1.20839,0.0708977
752,CAS-1,WAY-362450,All,CTRP2,16,0.002,66.0,7.2936,8.82014,5.50755,0.142089,0.709352,0.135055
753,CAS-1,Wee1 Inhibitor,All,"GDSC2,GDSC1",16,0.0078125,10.0,3.73058,6.53961,2.03967,0.420761,6.76029,0.175793
754,CAS-1,WEHI-539,All,GDSC2,7,0.0100053,10.0,4.901,6.55498,2.75532,0.109321,0.874537,0.113199
755,CAS-1,WH-4-023,All,GDSC1,9,0.02,5.12,1.45158,22.3292,-8.39384,0.523782,42.0411,0.0604501
756,CAS-1,WHI-P97,All,GDSC1,9,0.04,10.24,5.28438,6.61402,2.92431,0.0396802,0.30627,0.111938
757,CAS-1,WIKI4,All,GDSC2,7,0.0100053,10.0,4.78791,7.15644,2.44458,0.204247,2.47117,0.110728
758,CAS-1,Wnt-C59,All,"GDSC2,GDSC1",16,0.01,10.0,3.83002,10.3293,0.232141,0.457162,17.2854,0.0865406
759,CAS-1,WP1130,All,CTRP2,16,0.002,66.0,2.5558,4.31999,2.53524,0.987193,23.3104,0.117803
760,CAS-1,WYE-125132,All,GDSC1,9,0.04,10.24,-0.0129802,14.0802,-5.01984,0.628379,47.6195,0.0532347
761,CAS-1,WZ-1-84,All,GDSC1,9,0.04,10.24,4.54417,11.3336,0.309022,0.405049,18.1312,0.103947
762,CAS-1,WZ3105,All,GDSC1,9,0.005,1.28,-0.504577,3.00979,-1.742,0.631378,19.7239,0.0463185
763,CAS-1,WZ4003,All,GDSC2,7,0.0100053,10.0,3.80048,7.05304,1.83864,0.419877,8.07595,0.107393
764,CAS-1,WZ8040,All,CTRP2,16,0.002,66.0,1.3203,3.71843,1.29188,0.986982,31.5673,0.0715793
765,CAS-1,XAV939,All,"GDSC2,GDSC1",12,0.0100053,10.0,5.59334,14.336,-0.426153,0.361039,16.0823,0.105611
766,CAS-1,XL765,All,CTRP2,16,0.002,66.0,6.18066,7.77328,5.29072,0.453138,2.91456,0.139259
767,CAS-1,XMD11-85h,All,GDSC1,5,0.0390625,10.0,4.1479,6.31229,2.44635,0.301852,4.42286,0.0393529
768,CAS-1,XMD13-2,All,GDSC1,9,0.04,10.24,4.48802,8.00239,1.89519,0.330116,7.94413,0.054882
769,CAS-1,XMD14-99,All,GDSC1,9,0.04,10.24,4.89433,6.65887,2.74243,0.12838,1.37923,0.103129
770,CAS-1,XMD15-27,All,GDSC1,9,0.04,10.24,5.26592,6.68393,2.89229,0.0493014,0.407852,0.119992
771,CAS-1,XMD8-85,All,GDSC1,9,0.03125,8.0,2.9442,5.34096,1.7827,0.512786,9.79503,0.0769295
772,CAS-1,XMD8-92,All,GDSC1,5,0.0390625,10.0,3.60774,7.55015,1.44103,0.460261,13.6105,0.0606226
773,CAS-1,Y-39983,All,GDSC1,9,0.078125,20.0,6.22334,7.73254,3.8246,0.0590656,0.522718,0.339604
774,CAS-1,YK-4-279,All,"CTRP2,GDSC2,GDSC1",28,0.001,33.0,5.93576,10.8953,2.8245,0.402537,7.73224,0.0852119
775,CAS-1,YM201636,All,GDSC1,9,0.02,5.12,2.01409,4.682,0.89716,0.569964,12.7806,0.0472255
776,CAS-1,Z-LLNle-CHO,All,GDSC1,9,0.01,2.56,1.24809,3.79107,0.0475033,0.523323,10.703,0.104775
777,CAS-1,ZD-6474,All,CCLE,8,0.0025,8.0,4.56369,12.023,-0.283976,0.386843,13.6714,0.0680811
778,CAS-1,zebularine,All,CTRP2,16,0.018,590.0,9.9774,12.2797,8.2536,0.323539,2.73043,0.101591
779,CAS-1,ZG-10,All,GDSC1,5,0.0390625,10.0,2.47372,5.09028,1.65962,0.670903,16.5073,0.0406625
780,CAS-1,Zibotentan,All,GDSC1,9,0.078125,20.0,5.76785,11.4209,1.89337,0.363084,13.7001,0.109543
781,CAS-1,ZM447439,All,GDSC1,9,0.015625,4.0,2.71656,4.76532,1.15925,0.316808,4.43947,0.135167
782,CAS-1,Zoledronate,All,GDSC2,7,0.00200105,2.0,2.90801,4.37726,0.5175,0.0545074,0.376108,0.119571
783,CAS-1,ZSTK474,All,"CTRP2,GDSC1",25,0.002,66.0,1.99141,14.1789,-1.75018,0.674957,36.7283,0.101934
