,standard_drug_name,cellosaurus_id,dataset,info,n_dosage,min_dosage,max_dosage,IC50,IC90,EC50,Einf,AUC,fitted_mae
0,3-Cl-AHPC,CAS-1,All,CTRP2,16,0.002,66.0,6.99896,21.7334,-1.01948,0.464473,23.9484,0.0833191
1,3-Cl-AHPC,KPL-1,All,CTRP2,16,0.002,66.0,6.97396,7.9027,5.7286,0.0998244,0.296147,0.109015
2,3-Cl-AHPC,MKN1,All,CTRP2,16,0.002,66.0,4.77124,6.78375,4.40099,0.800594,9.83908,0.0476745
3,3-Cl-AHPC,253J-BV,All,CTRP2,16,0.002,66.0,2.78837,8.05127,1.79549,0.795657,25.2222,0.110023
4,3-Cl-AHPC,BFTC-905,All,CTRP2,16,0.002,66.0,1.52047,3.91709,1.48653,0.984443,30.2525,0.151245
5,3-Cl-AHPC,BFTC-909,All,CTRP2,16,0.002,66.0,2.15244,4.06225,2.13291,0.988768,25.9942,0.0989605
6,3-Cl-AHPC,CAL-120,All,CTRP2,16,0.002,66.0,6.3089,8.13669,5.20967,0.421172,3.03009,0.0786306
7,3-Cl-AHPC,CAL-29,All,CTRP2,16,0.002,66.0,1.83552,4.02816,1.80654,0.985481,28.1373,0.0607244
8,3-Cl-AHPC,CAL-62,All,CTRP2,16,0.002,66.0,1.56983,4.72575,1.44772,0.957519,30.2194,0.0617014
9,3-Cl-AHPC,HUCC-T1,All,CTRP2,16,0.002,66.0,1.77833,5.83947,1.44304,0.909546,29.5519,0.0980301
10,3-Cl-AHPC,NMC-G1,All,CTRP2,16,0.002,66.0,6.93944,14.0644,2.75368,0.431431,12.0386,0.0830474
11,3-Cl-AHPC,RPMI-7951,All,CTRP2,16,0.002,66.0,1.64576,3.43009,1.63858,0.995577,29.3283,0.114726
12,3-Cl-AHPC,253J,All,CTRP2,16,0.002,66.0,1.67519,3.41559,1.66884,0.995994,29.1295,0.0707808
13,3-Cl-AHPC,ALL-SIL,All,CTRP2,16,0.002,66.0,-0.579484,0.304127,-0.579484,1.0,44.1292,0.0635831
14,3-Cl-AHPC,HDQ-P1,All,CTRP2,16,0.002,66.0,4.41433,7.8498,3.57996,0.73934,14.0035,0.0767798
15,3-Cl-AHPC,SNU-245,All,CTRP2,16,0.002,66.0,4.31306,6.74427,3.92639,0.827028,12.9344,0.114373
16,3-Cl-AHPC,SIMA,All,CTRP2,16,0.002,66.0,-0.0890663,0.983005,-0.0890697,0.999997,40.862,0.119364
17,3-Cl-AHPC,SNU-489,All,CTRP2,16,0.002,66.0,5.22587,7.85024,4.39328,0.664921,8.70033,0.0660178
18,3-Cl-AHPC,SNU-626,All,CTRP2,16,0.002,66.0,3.46991,8.01424,2.52909,0.776396,20.6052,0.0924546
19,3-Cl-AHPC,SNU-738,All,CTRP2,16,0.002,66.0,2.31158,4.8742,2.22023,0.960856,25.1783,0.0840479
20,3-Cl-AHPC,SNU-878,All,CTRP2,16,0.002,66.0,0.852658,3.59447,0.814322,0.98464,34.7136,0.112074
21,3-Cl-AHPC,TUHR4TKB,All,CTRP2,16,0.002,66.0,5.12768,9.87614,3.31959,0.604484,13.3336,0.134672
22,3-Cl-AHPC,ACC-MESO-1,All,CTRP2,16,0.002,66.0,5.80506,9.44374,4.14137,0.536067,8.47185,0.0914972
23,3-Cl-AHPC,B-CPAP,All,CTRP2,16,0.002,66.0,2.62476,4.97752,2.54031,0.960591,23.0688,0.083546
24,3-Cl-AHPC,CGTH-W-1,All,CTRP2,16,0.002,66.0,1.37611,3.95495,1.33294,0.981612,31.2447,0.123078
25,3-Cl-AHPC,COLO680N,All,CTRP2,16,0.002,66.0,3.70349,8.98493,2.35118,0.725892,20.6434,0.121946
26,3-Cl-AHPC,ECC12,All,CTRP2,16,0.002,66.0,1.50617,2.70853,1.5059,0.99975,30.2352,0.113722
27,3-Cl-AHPC,HCC95,All,CTRP2,16,0.002,66.0,3.00851,7.08163,2.39959,0.837221,22.4003,0.106621
28,3-Cl-AHPC,JMSU-1,All,CTRP2,16,0.002,66.0,-0.2718,0.916712,-0.271809,0.999992,42.0794,0.112292
29,3-Cl-AHPC,RH41,All,CTRP2,16,0.002,66.0,1.70415,3.59131,1.69325,0.993653,28.9517,0.113356
30,3-Cl-AHPC,WSU-DLCL2,All,CTRP2,16,0.002,66.0,0.551324,2.09718,0.550752,0.999594,36.5975,0.0953351
31,3-Cl-AHPC,23132/87,All,CTRP2,15,0.002,66.0,-0.224358,3.28667,-0.286357,0.980603,41.9272,0.165187
32,3-Cl-AHPC,8305C,All,CTRP2,15,0.002,66.0,1.76255,6.38849,1.27318,0.884299,30.1653,0.107095
33,3-Cl-AHPC,BHY,All,CTRP2,16,0.002,66.0,1.08583,5.70451,0.721854,0.91364,34.1827,0.112624
34,3-Cl-AHPC,GSU,All,CTRP2,16,0.002,66.0,3.71777,5.14665,3.68241,0.97282,15.6197,0.127236
35,3-Cl-AHPC,JIMT-1,All,CTRP2,16,0.002,66.0,3.57627,7.51063,2.8455,0.79873,19.1131,0.0879802
36,3-Cl-AHPC,KMRC-20,All,CTRP2,16,0.002,66.0,3.43149,7.35529,2.75201,0.812015,19.8735,0.0976186
37,3-Cl-AHPC,OUMS-23,All,CTRP2,16,0.002,66.0,3.94704,6.38073,3.65553,0.869161,15.0076,0.0877822
38,3-Cl-AHPC,SNU-1076,All,CTRP2,16,0.002,66.0,1.24789,5.59187,0.926103,0.918797,32.9955,0.128909
39,3-Cl-AHPC,SNU-1196,All,CTRP2,16,0.002,66.0,1.52103,5.99639,1.12094,0.902101,31.4548,0.109747
40,3-Cl-AHPC,SNU-8,All,CTRP2,16,0.002,66.0,4.16398,9.25816,2.68961,0.692335,18.1533,0.0633452
41,3-Cl-AHPC,A-375,All,CTRP2,16,0.002,66.0,1.55258,4.50018,1.46146,0.96605,30.2303,0.16333
42,3-Cl-AHPC,A-549,All,CTRP2,16,0.002,66.0,2.56824,9.9979,0.743436,0.736533,29.316,0.124437
43,3-Cl-AHPC,NCI-H2009,All,CTRP2,15,0.002,66.0,0.765958,2.85837,0.75853,0.9961,35.1903,0.190176
44,3-Cl-AHPC,SNU-201,All,CTRP2,15,0.002,66.0,8.07643,9.36915,5.62736,0.0306546,0.122034,0.0605416
45,3-Cl-AHPC,SUIT-2,All,CTRP2,16,0.002,66.0,8.08449,16.6652,2.32326,0.372292,11.7874,0.0715646
46,3-Cl-AHPC,SNU-1079,All,CTRP2,15,0.002,66.0,3.94332,8.22194,2.93321,0.746301,17.7768,0.255638
47,3-Cl-AHPC,DEL,All,CTRP2,16,0.002,66.0,-0.804649,-0.15836,-0.804649,1.0,45.6293,0.0270993
48,3-Cl-AHPC,HARA[HUMANSQUAMOUSCELLLUNGCARCINOMA],All,CTRP2,16,0.002,66.0,-0.517667,1.64923,-0.520206,0.998713,43.7246,0.11585
49,3-Cl-AHPC,HCC15,All,CTRP2,16,0.002,66.0,1.91046,5.29681,1.71284,0.935973,28.2114,0.128129
50,3-Cl-AHPC,KP-4,All,CTRP2,16,0.002,66.0,0.784614,2.95125,0.775145,0.995199,35.0727,0.0745793
51,3-Cl-AHPC,LU-99,All,CTRP2,16,0.002,66.0,-1.26356,0.576518,-1.26384,0.999838,48.687,0.0648501
52,3-Cl-AHPC,NCI-H1155,All,CTRP2,16,0.002,66.0,-0.78477,1.33439,-0.786392,0.99916,45.501,0.0507206
53,3-Cl-AHPC,NCI-H1581,All,CTRP2,16,0.002,66.0,2.02901,5.90787,1.6988,0.906748,27.8792,0.0553004
54,3-Cl-AHPC,NCI-H2106,All,CTRP2,16,0.002,66.0,4.23212,7.63506,3.48436,0.763173,14.8602,0.0514897
55,3-Cl-AHPC,NCI-H358,All,CTRP2,16,0.002,66.0,1.97882,5.71513,1.69291,0.916128,28.0597,0.10906
56,3-Cl-AHPC,DLD-1,All,CTRP2,16,0.002,66.0,1.26154,5.01651,1.06515,0.942605,32.5084,0.0852271
57,3-Cl-AHPC,EM-2,All,CTRP2,16,0.002,66.0,0.452763,1.17542,0.452763,1.0,37.2523,0.10878
58,3-Cl-AHPC,JURL-MK1,All,CTRP2,16,0.002,66.0,-1.08005,0.0461589,-1.08005,0.999999,47.4641,0.118131
59,3-Cl-AHPC,P12-ICHIKAWA,All,CTRP2,16,0.002,66.0,-1.15383,-0.220393,-1.15383,1.0,47.9556,0.106842
60,3-Cl-AHPC,KE-37,All,CTRP2,16,0.002,66.0,-1.03788,-0.280391,-1.03788,1.0,47.1831,0.128862
61,3-Cl-AHPC,KMS-21-BM,All,CTRP2,16,0.002,66.0,0.24,2.03087,0.238684,0.999193,38.674,0.114875
62,3-Cl-AHPC,LI-7,All,CTRP2,16,0.002,66.0,0.571087,3.90159,0.491289,0.973684,36.7146,0.109246
63,3-Cl-AHPC,MHH-NB-11,All,CTRP2,16,0.002,66.0,-1.02779,0.212941,-1.02779,0.999996,47.1159,0.122947
64,3-Cl-AHPC,MOLM-13,All,CTRP2,16,0.002,66.0,-0.427337,0.60443,-0.427338,0.999999,43.1156,0.116774
65,3-Cl-AHPC,NCI-H1975,All,CTRP2,16,0.002,66.0,-0.258797,1.34954,-0.259064,0.999818,41.9936,0.148048
66,3-Cl-AHPC,NCI-H28,All,CTRP2,16,0.002,66.0,0.764614,2.02216,0.764501,0.999901,35.175,0.0861178
67,3-Cl-AHPC,639V,All,CTRP2,16,0.002,66.0,0.65803,2.64103,0.653423,0.997448,35.9,0.051395
68,3-Cl-AHPC,BXPC-3,All,CTRP2,16,0.002,66.0,1.32067,2.91886,1.31848,0.99849,31.4774,0.116728
69,3-Cl-AHPC,CML-T1,All,CTRP2,16,0.002,66.0,-1.46032,-0.601368,-1.46032,1.0,49.9975,0.0305348
70,3-Cl-AHPC,GSS,All,CTRP2,16,0.002,66.0,0.714113,2.1442,0.713751,0.999723,35.5123,0.0948953
71,3-Cl-AHPC,HCC366,All,CTRP2,16,0.002,66.0,2.40299,5.69262,2.16066,0.919249,25.0944,0.0614841
72,3-Cl-AHPC,KURAMOCHI,All,CTRP2,16,0.002,66.0,4.77141,7.03263,4.30032,0.775033,10.2281,0.0587107
73,3-Cl-AHPC,LS411N,All,CTRP2,16,0.002,66.0,1.56904,3.60599,1.55431,0.992057,29.8647,0.0768725
74,3-Cl-AHPC,LS513,All,CTRP2,16,0.002,66.0,0.0979755,2.14303,0.0948532,0.998323,39.626,0.0691406
75,3-Cl-AHPC,ONCO-DG-1,All,CTRP2,16,0.002,66.0,2.70544,6.13597,2.37507,0.894596,23.3973,0.0948068
76,3-Cl-AHPC,ONS-76,All,CTRP2,16,0.002,66.0,2.81307,8.91116,1.46683,0.762111,26.2871,0.0605019
77,3-Cl-AHPC,SK-CO-1,All,CTRP2,16,0.002,66.0,-0.904491,0.659663,-0.904573,0.999942,46.2947,0.109444
78,3-Cl-AHPC,SW48,All,CTRP2,16,0.002,66.0,-0.0974755,0.97633,-0.0974789,0.999997,40.918,0.0716959
79,3-Cl-AHPC,VM-CUB-1,All,CTRP2,16,0.002,66.0,0.614859,2.88003,0.604273,0.994866,36.2071,0.109608
80,3-Cl-AHPC,BEN,All,CTRP2,16,0.002,66.0,7.10514,12.0431,3.87655,0.384145,7.24604,0.112959
81,3-Cl-AHPC,CFPAC-1,All,CTRP2,16,0.002,66.0,4.92702,9.58284,3.27531,0.628859,13.9721,0.101678
82,3-Cl-AHPC,HCC78,All,CTRP2,16,0.002,66.0,0.131583,2.41178,0.124645,0.996657,39.4141,0.121092
83,3-Cl-AHPC,HT,All,CTRP2,16,0.002,66.0,-0.00507908,1.15393,-0.00509011,0.99999,40.3025,0.118546
84,3-Cl-AHPC,KU-19-19,All,CTRP2,16,0.002,66.0,1.99557,7.84957,1.02857,0.820491,30.198,0.135404
85,3-Cl-AHPC,NCI-H1299,All,CTRP2,16,0.002,66.0,7.4814,12.8672,3.74369,0.357497,7.20432,0.0860586
86,3-Cl-AHPC,NCI-H727,All,CTRP2,16,0.002,66.0,3.3275,11.1261,0.993357,0.682541,26.4023,0.0950834
87,3-Cl-AHPC,OVTOKO,All,CTRP2,16,0.002,66.0,3.35166,11.3125,0.929833,0.677696,26.5377,0.110496
88,3-Cl-AHPC,P31/FUJ,All,CTRP2,16,0.002,66.0,-0.62416,0.252125,-0.62416,1.0,44.4269,0.106964
89,3-Cl-AHPC,PEER,All,CTRP2,16,0.002,66.0,0.422864,3.20227,0.393485,0.988388,37.5448,0.140088
90,3-Cl-AHPC,RPMI-8402,All,CTRP2,16,0.002,66.0,-0.435569,0.514869,-0.435569,1.0,43.1705,0.105993
91,3-Cl-AHPC,SHP-77,All,CTRP2,16,0.002,66.0,6.05801,11.7749,3.19046,0.498691,11.916,0.0918197
92,3-Cl-AHPC,SNU-1077,All,CTRP2,16,0.002,66.0,7.18311,13.0595,3.43466,0.395137,8.91547,0.07317
93,3-Cl-AHPC,SNU-620,All,CTRP2,16,0.002,66.0,4.41154,13.6782,0.793845,0.595601,24.2839,0.11191
94,3-Cl-AHPC,SU-DHL-1,All,CTRP2,16,0.002,66.0,-1.03438,-0.151665,-1.03438,1.0,47.1598,0.0850851
95,3-Cl-AHPC,COLO205,All,CTRP2,16,0.002,66.0,7.88159,16.9392,2.04193,0.39039,13.1353,0.0859732
96,3-Cl-AHPC,DOHH2,All,CTRP2,16,0.002,66.0,-0.516054,0.453528,-0.516054,1.0,43.7067,0.149287
97,3-Cl-AHPC,EHEB,All,CTRP2,16,0.002,66.0,0.309834,4.90757,0.0558039,0.939375,38.9117,0.16324
98,3-Cl-AHPC,KI-JK,All,CTRP2,16,0.002,66.0,-0.959945,1.98269,-0.974208,0.994675,46.689,0.149854
99,3-Cl-AHPC,KMM-1,All,CTRP2,16,0.002,66.0,8.31278,15.683,2.95947,0.337096,9.0583,0.115926
100,3-Cl-AHPC,LCLC-103H,All,CTRP2,16,0.002,66.0,7.32893,9.27746,5.33121,0.190235,1.24668,0.0844025
101,3-Cl-AHPC,MKN45,All,CTRP2,16,0.002,66.0,6.64951,8.2434,5.39905,0.302764,1.74286,0.0582536
102,3-Cl-AHPC,NCI-H2405,All,CTRP2,16,0.002,66.0,1.87365,6.24089,1.43759,0.890744,29.2616,0.147001
103,3-Cl-AHPC,NCI-H650,All,CTRP2,16,0.002,66.0,4.21772,10.7618,2.03203,0.648697,20.5212,0.108766
104,3-Cl-AHPC,OS-RC-2,All,CTRP2,16,0.002,66.0,8.30035,12.2081,4.57759,0.219523,2.936,0.0618799
105,3-Cl-AHPC,OVSAHO,All,CTRP2,16,0.002,66.0,11.3413,22.1408,1.86506,0.253944,9.07111,0.0489509
106,3-Cl-AHPC,QGP-1,All,CTRP2,16,0.002,66.0,5.05897,11.0144,2.69694,0.589904,15.9938,0.0967842
107,3-Cl-AHPC,RL95-2,All,CTRP2,16,0.002,66.0,0.815575,2.65087,0.812388,0.998092,34.8457,0.113562
108,3-Cl-AHPC,SNU-1041,All,CTRP2,16,0.002,66.0,7.29403,16.1658,1.98365,0.423239,14.3284,0.069403
109,3-Cl-AHPC,SNU-1066,All,CTRP2,16,0.002,66.0,4.70989,12.3697,1.71072,0.594549,20.5117,0.109574
110,3-Cl-AHPC,SW1353,All,CTRP2,16,0.002,66.0,5.2434,12.1811,2.28539,0.563082,17.1853,0.0955782
111,3-Cl-AHPC,SNU-213,All,CTRP2,16,0.002,66.0,7.71997,8.8589,5.67497,0.03796,0.133641,0.0877789
112,3-Cl-AHPC,8505C,All,CTRP2,16,0.002,66.0,1.05346,4.60143,0.912933,0.956513,33.7069,0.0433805
113,3-Cl-AHPC,CALU-3,All,CTRP2,16,0.002,66.0,0.305247,3.70429,0.231305,0.976106,38.4586,0.0869999
114,3-Cl-AHPC,DAOY,All,CTRP2,16,0.002,66.0,-0.151604,2.88755,-0.18262,0.988788,41.3668,0.0828856
115,3-Cl-AHPC,GB-1,All,CTRP2,16,0.002,66.0,0.87584,4.03944,0.798463,0.973136,34.6846,0.0629376
116,3-Cl-AHPC,HCC1171,All,CTRP2,16,0.002,66.0,7.30577,17.6646,1.24913,0.433508,16.8691,0.0662494
117,3-Cl-AHPC,HCC44,All,CTRP2,16,0.002,66.0,-0.0496863,2.5455,-0.0631778,0.994289,40.6406,0.05159
118,3-Cl-AHPC,NCI-H211,All,CTRP2,16,0.002,66.0,0.299828,1.81497,0.299495,0.999759,38.2722,0.0493552
119,3-Cl-AHPC,RERF-LC-A1,All,CTRP2,16,0.002,66.0,1.6251,4.97478,1.46576,0.947789,29.9769,0.0280866
120,3-Cl-AHPC,SBC-5,All,CTRP2,16,0.002,66.0,0.677295,4.17725,0.571278,0.966734,36.0905,0.0937597
121,3-Cl-AHPC,SF126,All,CTRP2,16,0.002,66.0,1.56009,4.68935,1.44283,0.958856,30.2679,0.0325132
122,3-Cl-AHPC,SNU-119,All,CTRP2,16,0.002,66.0,3.49254,6.54961,3.10677,0.862251,18.3734,0.110609
123,3-Cl-AHPC,SNU-182,All,CTRP2,16,0.002,66.0,2.1466,7.28779,1.39624,0.841019,28.5323,0.111751
124,3-Cl-AHPC,TCCSUP,All,CTRP2,16,0.002,66.0,0.580199,4.36802,0.441095,0.959676,36.8309,0.0628274
125,3-Cl-AHPC,CAMA-1,All,CTRP2,16,0.002,66.0,3.95589,10.8946,1.71636,0.659563,22.3211,0.103828
126,3-Cl-AHPC,DETROIT562,All,CTRP2,16,0.002,66.0,0.62189,6.70426,-0.0658786,0.876409,37.9897,0.168579
127,3-Cl-AHPC,HEC-1-B,All,CTRP2,16,0.002,66.0,6.36052,14.3024,2.17577,0.478149,15.3169,0.127206
128,3-Cl-AHPC,HEP3B2.1-7,All,CTRP2,16,0.002,66.0,2.67522,8.1104,1.65207,0.796088,26.0557,0.120788
129,3-Cl-AHPC,HSC-3,All,CTRP2,16,0.002,66.0,0.502945,4.68814,0.305825,0.948302,37.5038,0.144667
130,3-Cl-AHPC,MCF-7,All,CTRP2,16,0.002,66.0,2.15328,6.49995,1.66529,0.877282,27.601,0.217323
131,3-Cl-AHPC,SNU-1105,All,CTRP2,16,0.002,66.0,10.5854,21.5818,1.65548,0.287541,10.6402,0.0682573
132,3-Cl-AHPC,U-87MGUPPSALA,All,CTRP2,16,0.002,66.0,5.77701,12.1251,2.77842,0.523121,14.1363,0.111143
133,3-Cl-AHPC,22RV1,All,CTRP2,16,0.002,66.0,0.718563,3.11643,0.702109,0.992462,35.5355,0.0751281
134,3-Cl-AHPC,769-P,All,CTRP2,16,0.002,66.0,-0.448028,3.103,-0.505194,0.982316,43.3904,0.125691
135,3-Cl-AHPC,COLO699,All,CTRP2,16,0.002,66.0,0.364663,2.47535,0.35948,0.997302,37.8561,0.0873918
136,3-Cl-AHPC,DOV13,All,CTRP2,16,0.002,66.0,1.87964,3.76296,1.86645,0.992301,27.7903,0.0528955
137,3-Cl-AHPC,ES2,All,CTRP2,16,0.002,66.0,1.4581,5.95959,1.06214,0.903664,31.8532,0.0995221
138,3-Cl-AHPC,HCC1806,All,CTRP2,16,0.002,66.0,0.868399,2.74418,0.864434,0.997678,34.4964,0.0466003
139,3-Cl-AHPC,HCC1954,All,CTRP2,16,0.002,66.0,1.55882,4.55954,1.46016,0.963893,30.214,0.0674659
140,3-Cl-AHPC,HPAF-II,All,CTRP2,16,0.002,66.0,4.74044,6.41494,4.50534,0.846967,9.5304,0.023996
141,3-Cl-AHPC,KHM-1B,All,CTRP2,16,0.002,66.0,-0.152699,1.78488,-0.154263,0.999114,41.2909,0.0602906
142,3-Cl-AHPC,OVISE,All,CTRP2,16,0.002,66.0,4.449,10.0414,2.59899,0.651769,17.8004,0.0924613
143,3-Cl-AHPC,JVM-3,All,CTRP2,16,0.002,66.0,-1.52702,-0.409487,-1.52702,1.0,50.4419,0.0887077
144,3-Cl-AHPC,SNU-C2A,All,CTRP2,16,0.002,66.0,1.0652,4.80826,0.891162,0.948964,33.7353,0.0802498
145,3-Cl-AHPC,U2OS,All,CTRP2,16,0.002,66.0,-1.81493,6.01417,-2.52448,0.900761,51.8473,0.102548
146,3-Cl-AHPC,5637,All,CTRP2,16,0.002,66.0,-0.1468,2.00855,-0.150355,0.998188,41.2577,0.0835192
147,3-Cl-AHPC,CAL-12T,All,CTRP2,16,0.002,66.0,2.46502,10.921,0.226396,0.717089,31.0903,0.112738
148,3-Cl-AHPC,HCC1588,All,CTRP2,16,0.002,66.0,0.0488227,5.56931,-0.375396,0.915778,40.9594,0.111977
149,3-Cl-AHPC,HCC1833,All,CTRP2,16,0.002,66.0,4.01459,11.5845,1.44279,0.643174,23.1284,0.0895952
150,3-Cl-AHPC,HCC2279,All,CTRP2,16,0.002,66.0,6.25494,14.0188,2.23124,0.485108,15.3114,0.0659465
151,3-Cl-AHPC,KU812,All,CTRP2,16,0.002,66.0,2.13061,7.61906,1.25925,0.827331,29.0339,0.107664
152,3-Cl-AHPC,KYSE-140,All,CTRP2,16,0.002,66.0,0.96252,6.13526,0.473315,0.896472,35.3408,0.125384
153,3-Cl-AHPC,NALM-6,All,CTRP2,16,0.002,66.0,-1.69746,-0.674562,-1.69746,1.0,51.5774,0.0407371
154,3-Cl-AHPC,NUGC-4,All,CTRP2,16,0.002,66.0,3.40205,6.09629,3.14639,0.896126,18.4993,0.0657423
155,3-Cl-AHPC,TT,All,CTRP2,16,0.002,66.0,2.42318,7.77232,1.51544,0.815696,27.279,0.118064
156,3-Cl-AHPC,AGS,All,CTRP2,16,0.002,66.0,3.33739,9.43755,1.77683,0.726123,23.7351,0.103485
157,3-Cl-AHPC,HCT116,All,CTRP2,16,0.002,66.0,3.8822,10.9077,1.63874,0.662896,22.7831,0.112693
158,3-Cl-AHPC,HEC-108,All,CTRP2,16,0.002,66.0,1.45722,3.22238,1.45192,0.996698,30.5781,0.118443
159,3-Cl-AHPC,HEC-59,All,CTRP2,16,0.002,66.0,2.48304,7.065,1.83795,0.846551,25.9834,0.157997
160,3-Cl-AHPC,HMC-1-8,All,CTRP2,16,0.002,66.0,1.04814,3.48105,1.0241,0.989145,33.3654,0.0739303
161,3-Cl-AHPC,HT-29,All,CTRP2,16,0.002,66.0,8.00708,9.02453,5.7201,0.014224,0.0441959,0.0669951
162,3-Cl-AHPC,ISHIKAWA(HERAKLIO)02ER-,All,CTRP2,16,0.002,66.0,6.53186,15.3386,1.79703,0.469632,16.3813,0.114256
163,3-Cl-AHPC,JHOC-5,All,CTRP2,16,0.002,66.0,0.740941,2.73518,0.735693,0.997109,35.3497,0.124358
164,3-Cl-AHPC,KYSE-180,All,CTRP2,16,0.002,66.0,1.25321,3.03087,1.24889,0.997327,31.9339,0.0914261
165,3-Cl-AHPC,LS180,All,CTRP2,16,0.002,66.0,1.20356,5.98782,0.776794,0.902314,33.6062,0.0969305
166,3-Cl-AHPC,MELHO,All,CTRP2,16,0.002,66.0,6.29916,10.6624,3.94409,0.467971,8.34271,0.103827
167,3-Cl-AHPC,MOR/CPR,All,CTRP2,16,0.002,66.0,0.198938,2.08302,0.197062,0.998906,38.9494,0.14098
168,3-Cl-AHPC,NCI-H460,All,CTRP2,16,0.002,66.0,0.802275,3.84727,0.740579,0.977744,35.1235,0.0999684
169,3-Cl-AHPC,HCC2108,All,CTRP2,16,0.002,66.0,2.3234,8.20282,1.24227,0.800686,28.4921,0.186935
170,3-Cl-AHPC,HCC827,All,CTRP2,16,0.002,66.0,1.14924,5.00665,0.945514,0.942042,33.2738,0.146811
171,3-Cl-AHPC,HEC-251,All,CTRP2,16,0.002,66.0,5.45865,13.9607,1.58812,0.537772,19.2809,0.106708
172,3-Cl-AHPC,HEC-265,All,CTRP2,16,0.002,66.0,3.86396,12.542,0.837956,0.634617,25.489,0.149421
173,3-Cl-AHPC,HEC-6,All,CTRP2,16,0.002,66.0,0.627071,2.39981,0.625116,0.998788,36.0975,0.111898
174,3-Cl-AHPC,HEL,All,CTRP2,16,0.002,66.0,-1.44018,-0.602029,-1.44018,1.0,49.8633,0.0812376
175,3-Cl-AHPC,JURKAT,All,CTRP2,16,0.002,66.0,-0.371534,0.794784,-0.37154,0.999994,42.7439,0.0878795
176,3-Cl-AHPC,JVM-2,All,CTRP2,16,0.002,66.0,-0.803711,1.36173,-0.805601,0.999041,45.6277,0.132867
177,3-Cl-AHPC,KCL-22,All,CTRP2,16,0.002,66.0,-0.296372,0.55032,-0.296373,1.0,42.2431,0.121063
178,3-Cl-AHPC,KE-39,All,CTRP2,16,0.002,66.0,5.53942,11.1563,3.05632,0.549224,13.5115,0.0482177
179,3-Cl-AHPC,KM-H2,All,CTRP2,16,0.002,66.0,-0.321864,0.377468,-0.321864,1.0,42.4129,0.0999538
180,3-Cl-AHPC,LAMA-84,All,CTRP2,16,0.002,66.0,-0.0519222,1.39087,-0.0520442,0.999907,40.615,0.109104
181,3-Cl-AHPC,NCI-H2030,All,CTRP2,16,0.002,66.0,6.82826,15.3435,2.03085,0.449606,14.9821,0.0766883
182,3-Cl-AHPC,SNU-719,All,CTRP2,16,0.002,66.0,2.38029,7.65403,1.51418,0.821507,27.4139,0.137845
183,3-Cl-AHPC,HCC1569,All,CTRP2,16,0.002,66.0,2.03816,6.67866,1.48395,0.869541,28.5804,0.140139
184,3-Cl-AHPC,KLE,All,CTRP2,16,0.002,66.0,3.48635,8.37593,2.3942,0.759421,21.0671,0.105726
185,3-Cl-AHPC,KMS-26,All,CTRP2,16,0.002,66.0,0.642307,2.6668,0.637084,0.997165,36.0067,0.0861979
186,3-Cl-AHPC,KMS-27,All,CTRP2,16,0.002,66.0,-0.482065,0.27668,-0.482065,1.0,43.4802,0.0400384
187,3-Cl-AHPC,NCI-H1838,All,CTRP2,16,0.002,66.0,1.86456,4.75353,1.75941,0.960036,28.2016,0.072516
188,3-Cl-AHPC,NCI-H196,All,CTRP2,16,0.002,66.0,3.29596,6.88346,2.78015,0.843345,20.1579,0.0567105
189,3-Cl-AHPC,NCI-H292,All,CTRP2,16,0.002,66.0,0.77879,3.35679,0.752696,0.98888,35.1657,0.0771918
190,3-Cl-AHPC,SK-MEL-1,All,CTRP2,16,0.002,66.0,3.75601,8.45629,2.63833,0.744548,19.4123,0.10603
191,3-Cl-AHPC,HCC1937,All,CTRP2,16,0.002,66.0,4.47336,8.28959,3.44337,0.71188,14.3938,0.0576274
192,3-Cl-AHPC,HDLM-2,All,CTRP2,16,0.002,66.0,1.54527,5.98049,1.15168,0.902813,31.2753,0.0637461
193,3-Cl-AHPC,HUH-28,All,CTRP2,16,0.002,66.0,2.41878,5.0483,2.30834,0.953892,24.5302,0.0549895
194,3-Cl-AHPC,MV4-11,All,CTRP2,16,0.002,66.0,-1.34382,-0.201213,-1.34382,0.999999,49.2214,0.0575859
195,3-Cl-AHPC,NCI-H526,All,CTRP2,16,0.002,66.0,0.169196,1.25686,0.169189,0.999993,39.1415,0.0544351
196,3-Cl-AHPC,NCI-H69,All,CTRP2,16,0.002,66.0,1.50373,8.56143,0.230326,0.804335,34.1035,0.103128
197,3-Cl-AHPC,NCI-H929,All,CTRP2,16,0.002,66.0,0.467521,2.65094,0.460286,0.99636,37.1776,0.0624764
198,3-Cl-AHPC,NCI-N87,All,CTRP2,16,0.002,66.0,0.564522,3.1137,0.544085,0.991192,36.574,0.118375
199,3-Cl-AHPC,PF-382,All,CTRP2,16,0.002,66.0,-0.223782,1.17603,-0.22385,0.999947,41.7597,0.0506095
200,3-Cl-AHPC,SF295,All,CTRP2,16,0.002,66.0,1.0074,5.13407,0.766485,0.935952,34.3237,0.129638
201,3-Cl-AHPC,SNU-1272,All,CTRP2,16,0.002,66.0,5.7423,11.6483,2.98687,0.528068,13.372,0.048371
202,3-Cl-AHPC,SNU-308,All,CTRP2,16,0.002,66.0,3.57806,6.20326,3.3078,0.887381,17.3819,0.113644
203,3-Cl-AHPC,SNU-478,All,CTRP2,16,0.002,66.0,-0.35802,1.16337,-0.358154,0.999904,42.6542,0.089239
204,3-Cl-AHPC,BHT-101,All,CTRP2,16,0.002,66.0,4.77681,9.97163,2.94515,0.630915,15.6525,0.0553552
205,3-Cl-AHPC,CAL-148,All,CTRP2,16,0.002,66.0,1.3331,3.66129,1.30854,0.988414,31.4692,0.12051
206,3-Cl-AHPC,CAL-51,All,CTRP2,16,0.002,66.0,2.67551,5.9065,2.40455,0.908129,23.3845,0.0404228
207,3-Cl-AHPC,HCC1395,All,CTRP2,16,0.002,66.0,4.80883,12.9218,1.52855,0.582884,20.9264,0.0700145
208,3-Cl-AHPC,HT115,All,CTRP2,16,0.002,66.0,5.55375,6.8078,5.20368,0.702589,4.61091,0.141169
209,3-Cl-AHPC,LN-18,All,CTRP2,16,0.002,66.0,0.64835,3.41538,0.614123,0.986412,36.06,0.135951
210,3-Cl-AHPC,LN-229,All,CTRP2,16,0.002,66.0,1.41192,4.62746,1.29336,0.959513,31.257,0.116332
211,3-Cl-AHPC,NCI-H1734,All,CTRP2,16,0.002,66.0,-0.750941,1.10864,-0.751492,0.999674,45.273,0.0768265
212,3-Cl-AHPC,NCI-H2291,All,CTRP2,16,0.002,66.0,5.49928,13.4358,1.88516,0.537657,18.1294,0.081966
213,3-Cl-AHPC,RERF-LC-AD1,All,CTRP2,16,0.002,66.0,7.30604,8.37858,5.68798,0.0701333,0.236467,0.11822
214,3-Cl-AHPC,SNU-1214,All,CTRP2,16,0.002,66.0,3.71246,8.47137,2.58695,0.745864,19.7252,0.0790667
215,3-Cl-AHPC,SNU-46,All,CTRP2,16,0.002,66.0,7.84152,22.7566,-0.865314,0.434198,22.1043,0.05966
216,3-Cl-AHPC,SNU-466,All,CTRP2,16,0.002,66.0,7.2552,13.5963,3.22386,0.396625,9.64413,0.056462
217,3-Cl-AHPC,SNU-5,All,CTRP2,16,0.002,66.0,-1.04566,0.606336,-1.04578,0.99992,47.2352,0.0638686
218,3-Cl-AHPC,SNU-668,All,CTRP2,16,0.002,66.0,1.36748,3.96088,1.32343,0.981338,31.3052,0.0905154
219,3-Cl-AHPC,SNU-899,All,CTRP2,16,0.002,66.0,4.01423,9.2889,2.52637,0.699662,19.1658,0.0786413
220,3-Cl-AHPC,TE-10,All,CTRP2,16,0.002,66.0,1.51492,6.87229,0.852679,0.865026,32.3121,0.0858121
221,3-Cl-AHPC,TE4[MOUSEHYBRIDOMA],All,CTRP2,15,0.002,66.0,1.83958,4.10424,1.80529,0.983367,28.1281,0.104185
222,3-Cl-AHPC,TE-9,All,CTRP2,16,0.002,66.0,1.17414,2.74478,1.17257,0.998902,32.4516,0.0625796
223,3-Cl-AHPC,YD-10B,All,CTRP2,16,0.002,66.0,0.26978,3.24432,0.23228,0.986151,38.5873,0.0752363
224,3-Cl-AHPC,YD-15,All,CTRP2,16,0.002,66.0,0.389699,1.3859,0.389696,0.999996,37.6724,0.0551232
225,3-Cl-AHPC,YD-38,All,CTRP2,16,0.002,66.0,2.01454,6.50516,1.51254,0.877802,28.5591,0.11289
226,3-Cl-AHPC,KNS-60,All,CTRP2,13,0.002,66.0,1.29849,1.96838,1.29849,1.0,31.6179,0.0671053
227,3-Cl-AHPC,KNS-81,All,CTRP2,15,0.002,66.0,5.73767,6.88356,5.34808,0.642939,3.57813,0.0740949
228,3-Cl-AHPC,ML-1[HUMANTHYROIDCARCINOMA],All,CTRP2,15,0.002,66.0,1.71648,5.80106,1.38537,0.911179,29.9457,0.173264
229,3-Cl-AHPC,NCI-H209,All,CTRP2,15,0.002,66.0,-0.433672,16.4841,-5.2212,0.698749,46.9101,0.119004
230,3-Cl-AHPC,NCI-H2228,All,CTRP2,15,0.002,66.0,1.94622,6.66163,1.38933,0.870976,29.1894,0.0701725
231,3-Cl-AHPC,NCI-H2452,All,CTRP2,15,0.002,66.0,4.91723,10.3498,2.8928,0.612039,15.5364,0.118243
232,3-Cl-AHPC,NCI-H2444,All,CTRP2,13,0.002,66.0,3.72526,6.47483,3.38406,0.864509,16.6639,0.113078
233,3-Cl-AHPC,NCI-H226,All,CTRP2,15,0.002,66.0,4.36918,7.24962,3.78853,0.782087,13.3068,0.0845682
234,3-Cl-AHPC,PC-14,All,CTRP2,15,0.002,66.0,0.928316,3.29682,0.909751,0.991389,34.1454,0.115593
235,3-Cl-AHPC,RS4;11,All,CTRP2,15,0.002,66.0,0.278613,1.6397,0.278501,0.999909,38.4128,0.0539534
236,3-Cl-AHPC,SJSA-1,All,CTRP2,15,0.002,66.0,0.923236,3.15152,0.910315,0.99363,34.1607,0.150693
237,3-Cl-AHPC,SK-MM-2,All,CTRP2,15,0.002,66.0,1.90925,6.3604,1.44149,0.885059,29.134,0.140975
238,3-Cl-AHPC,SNU-761,All,CTRP2,13,0.002,66.0,3.61134,7.6121,2.84217,0.791871,19.028,0.0562592
239,3-Cl-AHPC,SU.86.86,All,CTRP2,16,0.002,66.0,1.47278,4.12592,1.41921,0.977818,30.6358,0.0962273
240,3-Cl-AHPC,SW1271,All,CTRP2,15,0.002,66.0,2.79548,7.22716,2.11763,0.833524,24.0522,0.113491
241,3-Cl-AHPC,TE-6,All,CTRP2,13,0.002,66.0,1.65866,3.75544,1.63958,0.990007,29.2822,0.0765786
242,3-Cl-AHPC,TE8,All,CTRP2,15,0.002,66.0,2.77916,6.1108,2.4626,0.895989,22.8585,0.0726878
243,3-Cl-AHPC,ECC10,All,CTRP2,12,0.0041,66.0,2.81335,4.60813,2.78265,0.981212,23.2318,0.0602372
244,3-Cl-AHPC,HCC1195,All,CTRP2,12,0.0041,66.0,4.28796,5.54256,4.23757,0.955896,12.7531,0.0634887
245,3-Cl-AHPC,HPB-ALL,All,CTRP2,12,0.0041,66.0,2.53526,3.17906,2.53526,0.999994,25.1109,0.0525203
246,3-Cl-AHPC,KMS-18,All,CTRP2,12,0.0041,66.0,2.87208,4.4515,2.85487,0.988028,22.7626,0.0826182
247,3-Cl-AHPC,KMS-12-BM,All,CTRP2,12,0.0041,66.0,0.302915,4.817,0.065925,0.942387,41.6927,0.0922821
248,3-Cl-AHPC,KMS-28BM,All,CTRP2,12,0.0041,66.0,2.32322,5.16001,2.18613,0.94696,27.1284,0.121803
249,3-Cl-AHPC,KMS-34,All,CTRP2,12,0.0041,66.0,0.739296,3.78601,0.680125,0.978667,38.1574,0.0651903
250,3-Cl-AHPC,KYO-1,All,CTRP2,12,0.0041,66.0,2.65288,3.31752,2.65287,0.999986,24.2693,0.0760769
251,3-Cl-AHPC,MONO-MAC-1,All,CTRP2,12,0.0041,66.0,0.236449,4.48833,0.0529982,0.952635,42.0308,0.0501546
252,3-Cl-AHPC,NCI-H1650,All,CTRP2,12,0.0041,66.0,3.75178,7.26324,3.12909,0.80761,18.8416,0.0765658
253,3-Cl-AHPC,NCI-H446,All,CTRP2,12,0.0041,66.0,2.6681,4.25289,2.65485,0.990816,24.2079,0.0633229
254,3-Cl-AHPC,REC-1,All,CTRP2,12,0.0041,66.0,4.07331,6.17893,3.85509,0.886637,14.9299,0.103654
255,3-Cl-AHPC,SNU-410,All,CTRP2,12,0.0041,66.0,5.17759,9.20817,3.69259,0.615982,12.5528,0.0903134
256,3-Cl-AHPC,SUP-T11,All,CTRP2,12,0.0041,66.0,2.57444,4.36879,2.55145,0.985923,24.9133,0.0737999
257,3-Cl-AHPC,SW1116,All,CTRP2,12,0.0041,66.0,3.81655,7.04836,3.28044,0.81975,18.0306,0.14978
258,3-Cl-AHPC,TALL-1[HUMANADULTT-ALL],All,CTRP2,12,0.0041,66.0,-1.50639,4.35447,-1.80376,0.944316,53.4816,0.102181
259,3-Cl-AHPC,YD-8,All,CTRP2,12,0.0041,66.0,4.17531,5.91146,4.03932,0.914156,13.8824,0.0671508
260,3-Cl-AHPC,CHP-126,All,CTRP2,12,0.0041,66.0,2.38822,3.6412,2.38635,0.99836,26.1698,0.100173
261,3-Cl-AHPC,HS944.T,All,CTRP2,12,0.0041,66.0,1.2707,6.11089,0.816413,0.89725,35.6289,0.0754763
262,3-Cl-AHPC,L-540,All,CTRP2,12,0.0041,66.0,-0.0966756,4.06904,-0.239768,0.962281,44.2502,0.0648977
263,3-Cl-AHPC,LOU-NH91,All,CTRP2,12,0.0041,66.0,3.99788,5.89255,3.85054,0.91477,15.1942,0.0779358
264,3-Cl-AHPC,MOLM-6,All,CTRP2,12,0.0041,66.0,1.46827,6.7361,0.845638,0.870874,34.7811,0.0955853
265,3-Cl-AHPC,MOLT-16,All,CTRP2,12,0.0041,66.0,2.33772,3.2903,2.33755,0.999806,26.5251,0.110625
266,3-Cl-AHPC,NCI-H889,All,CTRP2,12,0.0041,66.0,4.5328,8.40327,3.45112,0.702267,15.2613,0.0825327
267,3-Cl-AHPC,NU-DUL-1,All,CTRP2,12,0.0041,66.0,2.36455,3.63069,2.36261,0.998318,26.3394,0.0738897
268,3-Cl-AHPC,RCH-ACV,All,CTRP2,12,0.0041,66.0,0.561262,4.43659,0.410388,0.957255,39.6859,0.0910187
269,3-Cl-AHPC,TUHR10TKB,All,CTRP2,12,0.0041,66.0,4.81282,5.80386,4.75755,0.938804,9.01678,0.0490979
270,3-Cl-AHPC,FU-OV-1,All,CTRP2,12,0.0041,66.0,5.40048,9.1268,3.93841,0.593797,10.9285,0.173547
271,3-Cl-AHPC,JK1,All,CTRP2,12,0.0041,66.0,2.73375,4.62023,2.69817,0.979285,23.8191,0.124976
272,3-Cl-AHPC,MHH-CALL-4,All,CTRP2,12,0.0041,66.0,2.67226,6.31431,2.28718,0.88436,25.5684,0.124201
273,3-Cl-AHPC,MONO-MAC-6,All,CTRP2,12,0.0041,66.0,0.426198,11.68,-2.19364,0.749682,44.2138,0.10582
274,3-Cl-AHPC,MSTO-211H,All,CTRP2,12,0.0041,66.0,-0.708819,7.90973,-1.9078,0.848344,48.8081,0.0812476
275,3-Cl-AHPC,NCI-H661,All,CTRP2,12,0.0041,66.0,4.46782,9.16203,3.03428,0.676547,17.2095,0.0581499
276,3-Cl-AHPC,P3HR-1,All,CTRP2,12,0.0041,66.0,2.80485,3.85685,2.80375,0.998849,23.1857,0.084681
277,3-Cl-AHPC,RI-1,All,CTRP2,12,0.0041,66.0,2.95153,5.23133,2.85123,0.951701,22.4994,0.135377
278,3-Cl-AHPC,SU-DHL-10,All,CTRP2,12,0.0041,66.0,2.75466,3.31144,2.75466,0.999998,23.5409,0.0958012
279,3-Cl-AHPC,SU-DHL-8,All,CTRP2,12,0.0041,66.0,2.58045,3.7243,2.57911,0.998713,24.7923,0.0745168
280,3-Cl-AHPC,SW1573,All,CTRP2,12,0.0041,66.0,1.57533,7.77056,0.606776,0.829914,35.0602,0.0887575
281,3-Cl-AHPC,A2780,All,CTRP2,16,0.002,66.0,0.452225,3.59375,0.396105,0.980377,37.4315,0.0624713
282,3-Cl-AHPC,CL1-1,All,CTRP2,16,0.002,66.0,1.84574,5.34077,1.63344,0.933365,28.691,0.118087
283,3-Cl-AHPC,KARPAS-620,All,CTRP2,16,0.002,66.0,6.0861,7.83838,5.18192,0.486929,3.5456,0.0711208
284,3-Cl-AHPC,KYSE-410,All,CTRP2,16,0.002,66.0,4.05606,6.70131,3.66526,0.839103,14.6534,0.0346669
285,3-Cl-AHPC,LCLC-97TM1,All,CTRP2,16,0.002,66.0,1.32337,4.44252,1.22481,0.965298,31.7794,0.100087
286,3-Cl-AHPC,MOLP-2,All,CTRP2,16,0.002,66.0,1.23299,5.99035,0.808228,0.902224,33.4092,0.156098
287,3-Cl-AHPC,NCI-H1355,All,CTRP2,16,0.002,66.0,1.94209,6.71535,1.36773,0.868569,29.2743,0.0874105
288,3-Cl-AHPC,NCI-H1573,All,CTRP2,16,0.002,66.0,2.95159,6.31274,2.5922,0.883067,21.8678,0.155148
289,3-Cl-AHPC,NCI-H1666,All,CTRP2,16,0.002,66.0,1.85312,6.0076,1.48033,0.901738,29.1846,0.0642845
290,3-Cl-AHPC,NCI-H2087,All,CTRP2,16,0.002,66.0,-0.668888,5.80214,-1.21729,0.907163,45.4975,0.0490255
291,3-Cl-AHPC,OCUM-1,All,CTRP2,16,0.002,66.0,0.827866,11.8066,-1.83547,0.739623,40.407,0.11887
292,3-Cl-AHPC,KALS-1,All,CTRP2,16,0.002,66.0,4.22053,8.69674,3.00394,0.709978,16.7787,0.0324473
293,3-Cl-AHPC,SW1710,All,CTRP2,16,0.002,66.0,3.4966,6.42474,3.15146,0.871223,18.1969,0.0942372
294,3-Cl-AHPC,BV-173,All,CTRP2,16,0.002,66.0,0.250034,2.00279,0.248917,0.9993,38.6065,0.0632064
295,3-Cl-AHPC,CAL-78,All,CTRP2,16,0.002,66.0,3.0663,7.06683,2.46719,0.836945,21.9833,0.047205
296,3-Cl-AHPC,EPLC-272H,All,CTRP2,16,0.002,66.0,3.27274,8.8857,1.95382,0.747435,23.2787,0.127822
297,3-Cl-AHPC,IGROV-1,All,CTRP2,16,0.002,66.0,1.73415,5.72938,1.42264,0.914548,29.7639,0.0848192
298,3-Cl-AHPC,RH18,All,CTRP2,16,0.002,66.0,3.87469,6.3325,3.59202,0.874316,15.4557,0.0558786
299,3-Cl-AHPC,KM12,All,CTRP2,16,0.002,66.0,1.21509,4.32361,1.12487,0.968125,32.4718,0.072431
300,3-Cl-AHPC,KMS-11,All,CTRP2,16,0.002,66.0,1.85284,4.00417,1.82613,0.98636,28.0142,0.0603086
301,3-Cl-AHPC,L-363,All,CTRP2,16,0.002,66.0,1.434,3.65295,1.41319,0.9897,30.7846,0.070504
302,3-Cl-AHPC,MCAS,All,CTRP2,16,0.002,66.0,0.758431,2.80599,0.752042,0.996572,35.237,0.082646
303,3-Cl-AHPC,MHH-CALL-3,All,CTRP2,16,0.002,66.0,2.49899,10.9387,0.252736,0.715658,30.9192,0.0803095
304,3-Cl-AHPC,MKN74,All,CTRP2,16,0.002,66.0,3.21237,7.7873,2.34983,0.795784,21.9961,0.0557815
305,3-Cl-AHPC,RKO,All,CTRP2,16,0.002,66.0,2.21209,5.98169,1.87905,0.903242,26.6776,0.107699
306,3-Cl-AHPC,UM-SCC-25,All,CTRP2,16,0.002,66.0,2.56985,5.34364,2.41829,0.940044,23.667,0.0445579
307,3-Cl-AHPC,SNG-M,All,CTRP2,16,0.002,66.0,0.731042,2.40925,0.729589,0.999049,35.4032,0.0753115
308,3-Cl-AHPC,SR,All,CTRP2,16,0.002,66.0,0.33766,2.16247,0.335939,0.998964,38.0248,0.0620175
309,3-Cl-AHPC,AMO1,All,CTRP2,12,0.0041,66.0,2.97989,4.75637,2.94416,0.97791,22.0584,0.0887112
310,3-Cl-AHPC,HEC-50B,All,CTRP2,12,0.0041,66.0,3.8288,8.41446,2.73146,0.742997,20.2377,0.0828689
311,3-Cl-AHPC,MC116,All,CTRP2,12,0.0041,66.0,2.64857,5.19098,2.53169,0.949539,24.7279,0.121169
312,3-Cl-AHPC,MOLM-16,All,CTRP2,12,0.0041,66.0,2.56444,3.78997,2.56227,0.998052,24.9098,0.122355
313,3-Cl-AHPC,SU-DHL-4,All,CTRP2,12,0.0041,66.0,0.934221,3.39742,0.910969,0.98963,36.6484,0.112941
314,3-Cl-AHPC,SU-DHL-6,All,CTRP2,12,0.0041,66.0,2.59842,3.61344,2.59789,0.999424,24.6608,0.101899
315,3-Cl-AHPC,CW-2,All,CTRP2,12,0.0041,66.0,3.50921,10.1471,1.6277,0.698291,25.4203,0.10932
316,3-Cl-AHPC,FU97,All,CTRP2,12,0.0041,66.0,7.43954,11.4366,4.40361,0.317143,4.96296,0.0803958
317,3-Cl-AHPC,NCI-H2052,All,CTRP2,13,0.002,66.0,5.21901,8.9065,3.8783,0.620534,10.8316,0.0904485
318,3-Cl-AHPC,NCI-H2085,All,CTRP2,12,0.0041,66.0,7.41088,18.371,0.979602,0.431938,18.5752,0.0631794
319,3-Cl-AHPC,NCI-H520,All,CTRP2,13,0.0041,66.0,2.48355,6.27661,2.09252,0.887225,26.9294,0.0622083
320,3-Cl-AHPC,SNU-398,All,CTRP2,12,0.0041,66.0,2.95726,8.87423,1.63236,0.75885,27.0736,0.108602
321,3-Cl-AHPC,DBTRG-05MG,All,CTRP2,16,0.002,66.0,8.14505,17.016,2.19548,0.372781,12.161,0.0477269
322,3-Cl-AHPC,KELLY,All,CTRP2,16,0.002,66.0,0.606168,1.5317,0.606166,0.999998,36.2303,0.0658988
323,3-Cl-AHPC,MDA-MB-231,All,CTRP2,16,0.002,66.0,6.2848,15.2076,1.66156,0.485204,17.3383,0.0988702
324,3-Cl-AHPC,ME1,All,CTRP2,16,0.002,66.0,1.42472,5.35404,1.17314,0.929776,31.6088,0.100363
325,3-Cl-AHPC,MELJUSO,All,CTRP2,16,0.002,66.0,6.62023,12.1183,3.47297,0.442721,9.71428,0.0529686
326,3-Cl-AHPC,NB1,All,CTRP2,16,0.002,66.0,0.425864,3.23532,0.394667,0.987801,37.5305,0.0588147
327,3-Cl-AHPC,NCI-H1373,All,CTRP2,16,0.002,66.0,1.56061,4.16221,1.50812,0.977836,30.0473,0.0902224
328,3-Cl-AHPC,NCI-H1792,All,CTRP2,16,0.002,66.0,7.98094,13.497,3.78216,0.316178,6.33693,0.0619711
329,3-Cl-AHPC,NCI-H2122,All,CTRP2,16,0.002,66.0,5.32765,13.172,1.86699,0.550022,18.5632,0.0644736
330,3-Cl-AHPC,NCI-H508,All,CTRP2,16,0.002,66.0,5.73169,6.35184,5.58856,0.751742,2.61984,0.0394284
331,3-Cl-AHPC,OVCAR-4,All,CTRP2,16,0.002,66.0,4.43057,10.2247,2.49353,0.648393,18.2542,0.0674737
332,3-Cl-AHPC,OVCAR-8,All,CTRP2,16,0.002,66.0,2.38544,5.69163,2.14178,0.91921,25.2156,0.121811
333,3-Cl-AHPC,PL21,All,CTRP2,16,0.002,66.0,0.469749,1.88574,0.469523,0.999825,37.1399,0.0910391
334,3-Cl-AHPC,RPMI-8226,All,CTRP2,16,0.002,66.0,1.05916,2.7563,1.05673,0.998429,33.2204,0.0945974
335,3-Cl-AHPC,RT-112,All,CTRP2,16,0.002,66.0,1.65258,3.20539,1.64975,0.998004,29.2683,0.0682506
336,3-Cl-AHPC,SKM-1,All,CTRP2,16,0.002,66.0,0.563979,1.01018,0.563979,1.0,36.5113,0.123499
337,3-Cl-AHPC,SUP-T1,All,CTRP2,16,0.002,66.0,-1.176,2.44272,-1.21658,0.98768,48.1429,0.115368
338,3-Cl-AHPC,COLO201,All,CTRP2,16,0.002,66.0,7.90647,9.05501,5.67471,0.027592,0.0974388,0.0496195
339,3-Cl-AHPC,GDM-1,All,CTRP2,16,0.002,66.0,1.43726,3.47774,1.42434,0.993043,30.7365,0.141884
340,3-Cl-AHPC,NB4,All,CTRP2,16,0.002,66.0,-1.04814,1.12575,-1.04966,0.99923,47.2544,0.0954696
341,3-Cl-AHPC,NCI-H2172,All,CTRP2,16,0.002,66.0,8.17184,9.36028,5.66422,0.0192028,0.0698688,0.0421758
342,3-Cl-AHPC,NCI-H2286,All,CTRP2,16,0.002,66.0,-0.708196,3.91747,-0.871996,0.961117,45.2681,0.127523
343,3-Cl-AHPC,NCI-H441,All,CTRP2,16,0.002,66.0,6.89186,15.1551,2.17459,0.443901,14.3356,0.06177
344,3-Cl-AHPC,OCI-AML-2,All,CTRP2,16,0.002,66.0,-2.33903,-0.0393004,-2.33973,0.999668,55.8415,0.0620027
345,3-Cl-AHPC,RAJI,All,CTRP2,16,0.002,66.0,1.03341,2.81423,1.03007,0.997939,33.395,0.187504
346,3-Cl-AHPC,EFE-184,All,CTRP2,14,0.002,66.0,4.57073,7.24095,4.00348,0.770763,11.9257,0.0810694
347,3-Cl-AHPC,GAMG,All,CTRP2,14,0.002,66.0,4.44626,8.17945,3.46582,0.719222,14.3735,0.0491413
348,3-Cl-AHPC,HEC-151,All,CTRP2,14,0.002,66.0,1.96297,4.45187,1.90288,0.973484,27.3934,0.0636106
349,3-Cl-AHPC,HSC-4,All,CTRP2,14,0.002,66.0,1.03039,4.52109,0.900511,0.959147,33.8259,0.0357119
350,3-Cl-AHPC,HUH-6,All,CTRP2,14,0.002,66.0,4.23174,9.32726,2.72461,0.686031,17.8461,0.104918
351,3-Cl-AHPC,PATU8902,All,CTRP2,14,0.002,66.0,6.69017,12.0484,3.56213,0.434181,9.22567,0.0342131
352,3-Cl-AHPC,SNU-840,All,CTRP2,14,0.002,66.0,5.08296,8.39655,3.99511,0.654193,10.6678,0.0367783
353,3-Cl-AHPC,SNU-C5,All,CTRP2,14,0.002,66.0,2.01624,4.93588,1.89384,0.953975,27.251,0.089342
354,3-Cl-AHPC,SQ-1,All,CTRP2,14,0.002,66.0,2.67665,5.5636,2.48831,0.928452,23.085,0.0714284
355,3-Cl-AHPC,SW1088,All,CTRP2,14,0.002,66.0,3.05052,6.1222,2.75551,0.894878,20.9784,0.0868052
356,3-Cl-AHPC,THP-1,All,CTRP2,14,0.002,66.0,-2.89653,-1.49176,-2.89654,0.999999,59.5655,0.0741136
357,3-Cl-AHPC,TYK-NU,All,CTRP2,14,0.002,66.0,0.956496,4.12903,0.873757,0.971356,34.1659,0.0379903
358,3-Cl-AHPC,U-937,All,CTRP2,14,0.002,66.0,0.998651,1.92541,0.998646,0.999994,33.6155,0.0492663
359,3-Cl-AHPC,UM-UC-3,All,CTRP2,14,0.002,66.0,1.17672,3.58133,1.1514,0.988432,32.5133,0.0527523
360,3-Cl-AHPC,LS123,All,CTRP2,14,0.002,66.0,2.73621,6.06963,2.42715,0.898493,23.1169,0.0897833
361,3-Cl-AHPC,NCI-H524,All,CTRP2,14,0.002,66.0,-1.31101,7.14853,-2.30936,0.871069,49.2514,0.119791
362,3-Cl-AHPC,SK-MEL-28,All,CTRP2,14,0.002,66.0,4.48831,4.86404,4.48827,0.999888,10.367,0.0545828
363,3-Cl-AHPC,SK-MEL-31,All,CTRP2,14,0.002,66.0,5.37057,6.0498,5.30754,0.898416,4.70975,0.0801727
364,3-Cl-AHPC,SK-MEL-5,All,CTRP2,14,0.002,66.0,2.66802,5.45447,2.50234,0.934771,23.0629,0.0674768
365,3-Cl-AHPC,SNU-407,All,CTRP2,14,0.002,66.0,1.95818,5.03586,1.81432,0.948692,27.7106,0.0670777
366,3-Cl-AHPC,SNU-61,All,CTRP2,14,0.002,66.0,2.31956,4.45512,2.27835,0.978801,24.9541,0.108295
367,3-Cl-AHPC,CALU-6,All,CTRP2,14,0.002,66.0,2.12712,7.55606,1.27866,0.82997,28.9814,0.124285
368,3-Cl-AHPC,CAOV-3,All,CTRP2,14,0.002,66.0,2.3478,5.24452,2.19706,0.942889,25.1421,0.10961
369,3-Cl-AHPC,NB-EBC1,All,CTRP2,14,0.002,66.0,1.83665,4.77236,1.72671,0.95888,28.4036,0.0808559
370,3-Cl-AHPC,HEYA8,All,CTRP2,14,0.002,66.0,2.24003,5.40135,2.04882,0.93365,25.9993,0.142933
371,3-Cl-AHPC,HT-1376,All,CTRP2,14,0.002,66.0,4.44671,8.96873,3.10397,0.684883,15.8135,0.104492
372,3-Cl-AHPC,HT-55,All,CTRP2,14,0.002,66.0,2.40459,7.51755,1.59102,0.826949,27.078,0.146159
373,3-Cl-AHPC,HUP-T4,All,CTRP2,14,0.002,66.0,2.66844,4.62594,2.62903,0.97789,22.6238,0.141421
374,3-Cl-AHPC,IPC-298,All,CTRP2,14,0.002,66.0,6.12279,11.2112,3.52603,0.491538,10.4124,0.0980243
375,3-Cl-AHPC,PAB433,All,CTRP2,14,0.002,66.0,1.28346,2.02969,1.28346,0.999999,31.718,0.0471876
376,3-Cl-AHPC,LOX-IMVI,All,CTRP2,16,0.002,66.0,1.23916,4.85576,1.07045,0.948796,32.5673,0.110293
377,3-Cl-AHPC,NCI-H1755,All,CTRP2,14,0.002,66.0,6.63677,13.1482,2.97327,0.450193,11.7084,0.0607625
378,3-Cl-AHPC,OVK18,All,CTRP2,14,0.002,66.0,1.88388,3.92102,1.86325,0.988876,27.787,0.161219
379,3-Cl-AHPC,SK-LU-1,All,CTRP2,14,0.002,66.0,2.25291,10.9372,0.00438975,0.72298,32.3032,0.0797998
380,3-Cl-AHPC,SK-MEL-30,All,CTRP2,14,0.002,66.0,6.52232,10.3468,4.27734,0.431785,6.55322,0.135363
381,3-Cl-AHPC,SW620,All,CTRP2,14,0.002,66.0,3.66396,8.04158,2.72067,0.767597,19.3461,0.0897925
382,3-Cl-AHPC,VMRC-RCW,All,CTRP2,14,0.002,66.0,3.66316,7.95304,2.75694,0.772,19.2098,0.0827689
383,3-Cl-AHPC,HCC1143,All,CTRP2,14,0.002,66.0,3.15073,7.60641,2.3556,0.806426,22.1503,0.149253
384,3-Cl-AHPC,L-1236,All,CTRP2,14,0.002,66.0,8.84061,11.356,5.20217,0.0799861,0.635821,0.171118
385,3-Cl-AHPC,LOVO,All,CTRP2,14,0.002,66.0,0.648177,4.05606,0.555369,0.97009,36.2432,0.202688
386,3-Cl-AHPC,MDA-MB-435S,All,CTRP2,14,0.002,66.0,4.42145,8.79607,3.15916,0.693206,15.6567,0.107282
387,3-Cl-AHPC,MDST8,All,CTRP2,14,0.002,66.0,3.66458,8.13184,2.68322,0.763238,19.4872,0.105605
388,3-Cl-AHPC,MM1.S,All,CTRP2,14,0.002,66.0,0.974725,1.85627,0.974722,0.999997,33.7749,0.0962229
389,3-Cl-AHPC,NCI-H1184,All,CTRP2,14,0.002,66.0,0.334162,2.85626,0.318406,0.993137,38.0928,0.173586
390,3-Cl-AHPC,PK-59,All,CTRP2,14,0.002,66.0,2.09715,4.46586,2.04313,0.974949,26.4791,0.13505
391,3-Cl-AHPC,RKN,All,CTRP2,14,0.002,66.0,6.53128,8.88834,5.00496,0.388441,3.51439,0.147721
392,3-Cl-AHPC,RMG-I,All,CTRP2,14,0.002,66.0,3.59111,9.28179,2.10409,0.720559,21.8642,0.111873
393,3-Cl-AHPC,RT-4,All,CTRP2,14,0.002,66.0,1.97959,3.30227,1.97819,0.998833,27.085,0.16586
394,3-Cl-AHPC,SK-OV-3,All,CTRP2,14,0.002,66.0,2.63628,6.42485,2.21456,0.878316,24.1821,0.148099
395,3-Cl-AHPC,TE-1,All,CTRP2,14,0.002,66.0,2.12686,5.56998,1.88865,0.92414,26.914,0.118702
396,3-Cl-AHPC,WM1799,All,CTRP2,14,0.002,66.0,5.84242,14.5486,1.62284,0.512741,18.3574,0.122187
397,3-Cl-AHPC,WM793,All,CTRP2,14,0.002,66.0,3.78845,8.64096,2.5906,0.735264,19.5085,0.116543
398,3-Cl-AHPC,G-361,All,CTRP2,14,0.002,66.0,2.72092,5.77227,2.48791,0.916305,22.9481,0.205925
399,3-Cl-AHPC,HELA,All,CTRP2,16,0.002,66.0,7.27623,8.04298,5.79743,0.0284712,0.0671517,0.0787993
400,3-Cl-AHPC,HEP-G2,All,CTRP2,13,0.002,66.0,7.67071,9.29396,5.49253,0.0996271,0.516526,0.0920824
401,3-Cl-AHPC,HPAC,All,CTRP2,14,0.002,66.0,8.28419,10.1482,5.42663,0.0665951,0.389498,0.0581597
402,3-Cl-AHPC,HS852.T,All,CTRP2,14,0.002,66.0,6.5857,10.6248,4.18819,0.426912,6.8154,0.176226
403,3-Cl-AHPC,HS936.T,All,CTRP2,14,0.002,66.0,7.68325,8.6798,5.72394,0.0262524,0.0803843,0.130323
404,3-Cl-AHPC,KYSE-70,All,CTRP2,12,0.002,66.0,8.60286,10.0946,5.56602,0.0225654,0.103231,0.0890152
405,3-Cl-AHPC,LXF289,All,CTRP2,14,0.002,66.0,7.32412,10.504,4.76956,0.292296,3.33327,0.126412
406,3-Cl-AHPC,NCI-H1435,All,CTRP2,14,0.002,66.0,6.22318,12.689,2.8699,0.484816,12.8904,0.121253
407,3-Cl-AHPC,NCI-H2023,All,CTRP2,14,0.002,66.0,1.8189,7.20005,1.07267,0.848817,30.6268,0.121517
408,3-Cl-AHPC,NCI-H2126,All,CTRP2,14,0.002,66.0,2.38667,5.59487,2.16576,0.924498,25.1279,0.153916
409,3-Cl-AHPC,NUGC-3,All,CTRP2,13,0.002,66.0,6.17446,7.27668,5.53301,0.43554,1.91126,0.1598
410,3-Cl-AHPC,PANC05.04,All,CTRP2,13,0.002,66.0,4.42774,18.9341,-1.79276,0.560913,30.7672,0.134899
411,3-Cl-AHPC,OAW28,All,CTRP2,14,0.002,66.0,2.73798,6.6111,2.26673,0.86712,23.6868,0.147898
412,3-Cl-AHPC,TCC-PAN2,All,CTRP2,12,0.002,66.0,8.51841,9.97054,5.57852,0.0231253,0.103016,0.127483
413,3-Cl-AHPC,YAPC,All,CTRP2,13,0.002,66.0,6.52295,14.6455,2.13586,0.467681,15.1581,0.130181
414,3-Cl-AHPC,ZR-75-1,All,CTRP2,13,0.002,66.0,7.68942,8.935,5.6361,0.0520609,0.20192,0.125858
415,3-Cl-AHPC,C2BBE1,All,CTRP2,16,0.002,66.0,5.07435,9.12018,3.63853,0.62874,12.1491,0.0698981
416,3-Cl-AHPC,CHAGO-K-1,All,CTRP2,16,0.002,66.0,2.96608,5.59133,2.79692,0.929329,21.0912,0.0358359
417,3-Cl-AHPC,COLO668,All,CTRP2,16,0.002,66.0,-0.089783,2.34821,-0.0985637,0.996043,40.8936,0.0756501
418,3-Cl-AHPC,COV362,All,CTRP2,16,0.002,66.0,2.91887,6.86188,2.37972,0.850901,22.7371,0.0720902
419,3-Cl-AHPC,DV-90,All,CTRP2,16,0.002,66.0,-0.262062,2.45612,-0.277088,0.993927,42.0575,0.102447
420,3-Cl-AHPC,EFO-27,All,CTRP2,16,0.002,66.0,1.8702,3.36574,1.86725,0.997834,27.8189,0.073197
421,3-Cl-AHPC,HD-MY-Z,All,CTRP2,16,0.002,66.0,-0.254964,2.47227,-0.270384,0.993789,42.0114,0.105178
422,3-Cl-AHPC,NCI-H2170,All,CTRP2,16,0.002,66.0,0.736173,3.86644,0.669138,0.976478,35.5796,0.0740662
423,3-Cl-AHPC,NCI-H647,All,CTRP2,16,0.002,66.0,1.52354,4.86395,1.37556,0.951371,30.6133,0.0629073
424,3-Cl-AHPC,NCI-H810,All,CTRP2,16,0.002,66.0,1.12904,4.83954,0.954516,0.948373,33.3147,0.0488571
425,3-Cl-AHPC,OCI-AML-3,All,CTRP2,16,0.002,66.0,-2.27224,-1.31021,-2.27224,1.0,55.4066,0.085667
426,3-Cl-AHPC,PATU8988S,All,CTRP2,16,0.002,66.0,3.9363,6.82265,3.49255,0.832685,15.6464,0.0274433
427,3-Cl-AHPC,SK-PC-3,All,CTRP2,16,0.002,66.0,4.18808,7.79405,3.37086,0.756043,15.4211,0.0664161
428,3-Cl-AHPC,TE-5,All,CTRP2,16,0.002,66.0,2.09846,3.84555,2.08742,0.993054,26.3253,0.0903009
429,3-Cl-AHPC,UACC-257,All,CTRP2,16,0.002,66.0,5.08199,9.07993,3.66525,0.629233,12.0219,0.0653893
430,3-Cl-AHPC,UACC-62,All,CTRP2,16,0.002,66.0,2.15699,5.73804,1.88152,0.915691,26.843,0.0684447
431,3-Cl-AHPC,BICR6,All,CTRP2,16,0.002,66.0,1.2204,4.1884,1.14648,0.972648,32.383,0.0628792
432,3-Cl-AHPC,BT145,All,CTRP2,16,0.002,66.0,-0.318778,0.206264,-0.318778,1.0,42.3924,0.0785889
433,3-Cl-AHPC,BT179,All,CTRP2,16,0.002,66.0,3.59373,6.52973,3.22321,0.862239,17.6455,0.0671335
434,3-Cl-AHPC,EC-GI-10,All,CTRP2,16,0.002,66.0,0.941326,5.94867,0.501117,0.903717,35.3392,0.0975154
435,3-Cl-AHPC,EFO-21,All,CTRP2,16,0.002,66.0,4.48018,9.7185,2.78312,0.658387,17.0032,0.0855881
436,3-Cl-AHPC,FTC-133,All,CTRP2,16,0.002,66.0,0.022724,2.25905,0.017253,0.997312,40.1345,0.0909967
437,3-Cl-AHPC,JHUEM-3,All,CTRP2,16,0.002,66.0,0.426861,4.05482,0.320399,0.967773,37.748,0.142803
438,3-Cl-AHPC,LK2,All,CTRP2,16,0.002,66.0,1.67381,2.99266,1.67299,0.999312,29.1202,0.0617286
439,3-Cl-AHPC,LNCAPCLONEFGC,All,CTRP2,16,0.002,66.0,2.07594,5.51251,1.84628,0.926715,27.2226,0.0721618
440,3-Cl-AHPC,LS1034,All,CTRP2,16,0.002,66.0,-0.214125,1.26328,-0.214246,0.999909,41.6956,0.109754
441,3-Cl-AHPC,MKN7,All,CTRP2,16,0.002,66.0,2.70171,7.19914,2.0267,0.83659,24.657,0.0463452
442,3-Cl-AHPC,HCC1428,All,CTRP2,16,0.002,66.0,4.4835,9.26158,3.00281,0.672119,16.1252,0.0706093
443,3-Cl-AHPC,NCI-H2029,All,CTRP2,16,0.002,66.0,2.18924,6.1538,1.80676,0.894409,27.0002,0.0772119
444,3-Cl-AHPC,OE21,All,CTRP2,16,0.002,66.0,0.191707,3.15721,0.156846,0.987086,39.0982,0.0791119
445,3-Cl-AHPC,SH-10-TC,All,CTRP2,16,0.002,66.0,2.22484,5.47114,2.01737,0.929905,26.1567,0.0586152
446,3-Cl-AHPC,SNU-449,All,CTRP2,16,0.002,66.0,2.09838,3.85954,2.0868,0.992776,26.3276,0.0457608
447,3-Cl-AHPC,T3M-10,All,CTRP2,16,0.002,66.0,1.70376,4.75707,1.58657,0.957856,29.3123,0.109665
448,3-Cl-AHPC,BT112,All,CTRP2,16,0.002,66.0,1.26057,5.39594,0.985365,0.927019,32.7661,0.143954
449,3-Cl-AHPC,BT164,All,CTRP2,16,0.002,66.0,-0.152277,1.48721,-0.152646,0.999753,41.2843,0.0890462
450,3-Cl-AHPC,CCF-STTG1,All,CTRP2,16,0.002,66.0,5.61325,11.1679,3.11504,0.542534,13.1187,0.0740951
451,3-Cl-AHPC,COLO800,All,CTRP2,16,0.002,66.0,2.79302,8.02035,1.81272,0.796841,25.1479,0.10087
452,3-Cl-AHPC,DK-MG,All,CTRP2,16,0.002,66.0,4.58102,10.2307,2.63438,0.638561,17.3447,0.100363
453,3-Cl-AHPC,GP2D,All,CTRP2,16,0.002,66.0,-0.196245,5.21032,-0.557917,0.92664,42.3671,0.117918
454,3-Cl-AHPC,NCI-H1869,All,CTRP2,16,0.002,66.0,4.76701,9.75608,3.04005,0.637047,15.2955,0.0488289
455,3-Cl-AHPC,HCC38,All,CTRP2,16,0.002,66.0,1.10729,4.51777,0.98337,0.960104,33.297,0.122105
456,3-Cl-AHPC,IA-LM,All,CTRP2,16,0.002,66.0,7.67077,14.0576,3.29898,0.363661,8.69043,0.0830869
457,3-Cl-AHPC,JHOM-1,All,CTRP2,16,0.002,66.0,6.47776,13.4218,2.71034,0.465773,13.0417,0.0772833
458,3-Cl-AHPC,JHUEM-7,All,CTRP2,16,0.002,66.0,0.989335,3.46261,0.964374,0.988913,33.7601,0.0897871
459,3-Cl-AHPC,JL-1,All,CTRP2,16,0.002,66.0,6.1495,13.8515,2.22809,0.492504,15.5286,0.0737761
460,3-Cl-AHPC,KYSE-450,All,CTRP2,16,0.002,66.0,1.72248,2.89765,1.72214,0.999691,28.7944,0.0778033
461,3-Cl-AHPC,LC-1/SQ-SF,All,CTRP2,16,0.002,66.0,3.12394,6.5124,2.71813,0.869183,20.8929,0.0830596
462,3-Cl-AHPC,RCM-1[HUMANRECTUMADENOCARCINOMA],All,CTRP2,16,0.002,66.0,1.69518,5.64531,1.4007,0.918281,29.9644,0.101209
463,3-Cl-AHPC,SNU-685,All,CTRP2,16,0.002,66.0,1.3284,4.82674,1.17169,0.950828,31.937,0.0773686
464,3-Cl-AHPC,VMRC-LCD,All,CTRP2,16,0.002,66.0,1.77847,7.38806,0.963314,0.841699,31.1003,0.0695813
465,3-Cl-AHPC,BT224,All,CTRP2,16,0.002,66.0,9.0752,17.3705,2.66433,0.309429,9.10154,0.0375195
466,3-Cl-AHPC,BT-549,All,CTRP2,16,0.002,66.0,2.76651,7.67819,1.9182,0.812502,24.8519,0.11381
467,3-Cl-AHPC,HCC202,All,CTRP2,16,0.002,66.0,6.60135,12.247,3.39415,0.446021,10.0704,0.107854
468,3-Cl-AHPC,H-STS,All,CTRP2,16,0.002,66.0,-0.188614,0.726584,-0.188614,1.0,41.5252,0.185692
469,3-Cl-AHPC,K029AX,All,CTRP2,16,0.002,66.0,6.21145,10.8475,3.78058,0.480217,9.18752,0.0969572
470,3-Cl-AHPC,KYSE-520,All,CTRP2,16,0.002,66.0,6.22786,11.6865,3.37474,0.481546,10.8359,0.0676641
471,3-Cl-AHPC,NCI-H1623,All,CTRP2,16,0.002,66.0,0.214746,3.60026,0.146207,0.977763,39.0423,0.0780662
472,3-Cl-AHPC,NCI-H716,All,CTRP2,16,0.002,66.0,5.76777,10.7024,3.48105,0.530754,11.2996,0.114669
473,3-Cl-AHPC,OE19,All,CTRP2,16,0.002,66.0,3.22924,8.06236,2.25649,0.782419,22.2934,0.0928634
474,3-Cl-AHPC,OE33,All,CTRP2,16,0.002,66.0,4.88382,11.5139,2.29099,0.594986,17.9666,0.132422
475,3-Cl-AHPC,PK-1,All,CTRP2,16,0.002,66.0,7.66346,10.9716,4.76367,0.254383,2.94419,0.0839459
476,3-Cl-AHPC,PK-45H,All,CTRP2,16,0.002,66.0,8.15537,10.0099,5.42546,0.0757802,0.443118,0.0894105
477,3-Cl-AHPC,P-STS,All,CTRP2,16,0.002,66.0,0.534171,4.0341,0.436995,0.969506,37.0113,0.18774
478,3-Cl-AHPC,RERF-LC-AD2,All,CTRP2,16,0.002,66.0,7.96159,12.7774,4.11014,0.29427,5.08258,0.0427103
479,3-Cl-AHPC,U-CH1,All,CTRP2,16,0.002,66.0,7.25526,10.4785,4.73702,0.304616,3.55037,0.125099
480,3-Cl-AHPC,697,All,CTRP2,16,0.002,66.0,-1.68919,0.221374,-1.68943,0.999863,51.5217,0.0566115
481,3-Cl-AHPC,A3/KAWAKAMI,All,CTRP2,16,0.002,66.0,-0.562727,-0.122532,-0.562727,1.0,44.0176,0.0525147
482,3-Cl-AHPC,CA46,All,CTRP2,16,0.002,66.0,-0.485452,1.87002,-0.490293,0.997742,43.5163,0.0871809
483,3-Cl-AHPC,COR-L47,All,CTRP2,16,0.002,66.0,-0.317826,2.54101,-0.337256,0.992533,42.4398,0.223708
484,3-Cl-AHPC,DU4475,All,CTRP2,16,0.002,66.0,0.680755,2.05042,0.680527,0.999817,35.7341,0.0727113
485,3-Cl-AHPC,EB1,All,CTRP2,16,0.002,66.0,-0.926133,2.09384,-0.94327,0.993766,46.4696,0.0988117
486,3-Cl-AHPC,EOL-1,All,CTRP2,16,0.002,66.0,-3.99473,-2.24523,-3.99473,0.999997,66.8718,0.0784771
487,3-Cl-AHPC,GA-10,All,CTRP2,16,0.002,66.0,-0.425431,1.78863,-0.428706,0.998375,43.1124,0.0989268
488,3-Cl-AHPC,MOLT-3,All,CTRP2,16,0.002,66.0,-2.22578,-1.37446,-2.22578,1.0,55.0971,0.0850649
489,3-Cl-AHPC,NAMALWA,All,CTRP2,16,0.002,66.0,-1.25167,1.04653,-1.25362,0.999066,48.6096,0.0608375
490,3-Cl-AHPC,OPM-2,All,CTRP2,16,0.002,66.0,2.75063,5.54042,2.57382,0.930484,22.5522,0.106799
491,3-Cl-AHPC,PFEIFFER,All,CTRP2,16,0.002,66.0,0.580151,3.19918,0.556052,0.989891,36.4816,0.116433
492,3-Cl-AHPC,SUP-M2,All,CTRP2,16,0.002,66.0,-3.06561,-1.54253,-3.06562,0.999998,60.6913,0.0602473
493,3-Cl-AHPC,TOLEDO,All,CTRP2,16,0.002,66.0,3.58605,11.8911,0.884413,0.657098,26.0585,0.119873
494,3-Cl-AHPC,COLO829,All,CTRP2,16,0.002,66.0,1.60235,8.79096,0.244349,0.79539,33.7378,0.0651879
495,3-Cl-AHPC,DAN-G,All,CTRP2,16,0.002,66.0,1.82039,5.8251,1.4926,0.910319,29.2492,0.0639853
496,3-Cl-AHPC,EJM,All,CTRP2,16,0.002,66.0,0.636651,3.21975,0.613249,0.990047,36.1033,0.0922936
497,3-Cl-AHPC,GRANTA-519,All,CTRP2,16,0.002,66.0,-0.113946,1.0092,-0.113952,0.999994,41.0278,0.139215
498,3-Cl-AHPC,HCC1500,All,CTRP2,16,0.002,66.0,4.34832,6.78669,3.94846,0.821763,12.7508,0.0717723
499,3-Cl-AHPC,IGR-1,All,CTRP2,16,0.002,66.0,4.38258,7.68078,3.62086,0.751585,13.9257,0.110454
500,3-Cl-AHPC,NCI-H841,All,CTRP2,16,0.002,66.0,1.54853,5.65333,1.23893,0.917326,30.9814,0.0492496
501,3-Cl-AHPC,OCI-LY10,All,CTRP2,16,0.002,66.0,3.68471,5.99934,3.48137,0.903784,16.4305,0.082121
502,3-Cl-AHPC,OCI-LY19,All,CTRP2,16,0.002,66.0,-0.216898,1.2422,-0.217005,0.99992,41.714,0.0924127
503,3-Cl-AHPC,OCI-LY3,All,CTRP2,16,0.002,66.0,-0.33266,0.500206,-0.33266,1.0,42.4849,0.0956048
504,3-Cl-AHPC,U-118MG,All,CTRP2,16,0.002,66.0,2.36625,7.78552,1.44954,0.816272,27.6748,0.037953
505,3-Cl-AHPC,LU-65,All,CTRP2,16,0.002,66.0,1.40921,4.15795,1.34914,0.975994,31.0807,0.124328
506,3-Cl-AHPC,NCI-H2081,All,CTRP2,16,0.002,66.0,-0.112123,2.43301,-0.12346,0.995107,41.0498,0.127562
507,3-Cl-AHPC,NCI-H2141,All,CTRP2,16,0.002,66.0,2.04578,7.352,1.26465,0.839668,29.2833,0.147877
508,3-Cl-AHPC,A-172,All,CTRP2,16,0.002,66.0,2.81997,5.47063,2.6639,0.935404,22.0178,0.0894926
509,3-Cl-AHPC,COV644,All,CTRP2,16,0.002,66.0,6.55319,10.3156,4.3166,0.426257,6.33655,0.109814
510,3-Cl-AHPC,IM95,All,CTRP2,16,0.002,66.0,4.02814,7.12443,3.47736,0.807026,15.4445,0.114003
511,3-Cl-AHPC,J82,All,CTRP2,16,0.002,66.0,1.74093,3.94285,1.71395,0.986538,28.7606,0.0668505
512,3-Cl-AHPC,NCI-H23,All,CTRP2,16,0.002,66.0,1.26004,3.13379,1.25382,0.996353,31.8948,0.0586905
513,3-Cl-AHPC,RD,All,CTRP2,16,0.002,66.0,6.15224,10.7253,3.79322,0.487048,9.24669,0.0690005
514,3-Cl-AHPC,SK-UT-1,All,CTRP2,16,0.002,66.0,1.57688,3.77591,1.55409,0.988613,29.8394,0.0579053
515,3-Cl-AHPC,T98G,All,CTRP2,16,0.002,66.0,1.93213,6.38126,1.46023,0.884,28.9979,0.112887
516,3-Cl-AHPC,BECKER,All,CTRP2,16,0.002,66.0,3.75836,10.0339,1.92773,0.69006,22.0689,0.0738408
517,3-Cl-AHPC,HS578T,All,CTRP2,16,0.002,66.0,2.40565,6.51162,1.93655,0.875141,25.874,0.11622
518,3-Cl-AHPC,HS611.T,All,CTRP2,16,0.002,66.0,-0.0588296,3.43641,-0.126,0.97889,40.8475,0.0785424
519,3-Cl-AHPC,JHH-4,All,CTRP2,16,0.002,66.0,2.23162,3.51373,2.22993,0.998549,25.4069,0.0433129
520,3-Cl-AHPC,KARPAS-422,All,CTRP2,16,0.002,66.0,2.15565,4.36032,2.11487,0.97968,26.0445,0.0661123
521,3-Cl-AHPC,KMRC-1,All,CTRP2,16,0.002,66.0,4.98916,10.6059,2.83391,0.601759,15.6075,0.0589967
522,3-Cl-AHPC,LPS1,All,CTRP2,16,0.002,66.0,4.77353,10.3827,2.74255,0.621947,16.4655,0.0755555
523,3-Cl-AHPC,MDA-MB-468,All,CTRP2,16,0.002,66.0,1.36331,2.81254,1.36222,0.999173,31.1897,0.0297995
524,3-Cl-AHPC,SH4,All,CTRP2,12,0.0041,66.0,6.19708,11.4416,3.47196,0.484014,11.2556,0.150005
525,3-Cl-AHPC,SK-HEP-1,All,CTRP2,16,0.002,66.0,5.7998,12.1751,2.77289,0.521062,14.112,0.0548765
526,3-Cl-AHPC,SUP-HD1,All,CTRP2,16,0.002,66.0,-0.409933,1.89993,-0.414456,0.997849,43.0127,0.0603699
527,3-Cl-AHPC,AN3-CA,All,CTRP2,16,0.002,66.0,3.80065,11.6763,1.19377,0.651578,24.5087,0.0937132
528,3-Cl-AHPC,ACHN,All,CTRP2,16,0.002,66.0,1.16543,5.93359,0.74969,0.904502,33.8204,0.142011
529,3-Cl-AHPC,EN,All,CTRP2,16,0.002,66.0,3.3633,6.57589,2.95777,0.862203,19.3039,0.100077
530,3-Cl-AHPC,KASUMI-1,All,CTRP2,16,0.002,66.0,2.24571,3.88327,2.23665,0.993922,25.3377,0.070053
531,3-Cl-AHPC,NCI-H2342,All,CTRP2,16,0.002,66.0,5.47032,14.323,1.41748,0.535561,19.8499,0.0835271
532,3-Cl-AHPC,OV-90,All,CTRP2,16,0.002,66.0,1.57039,4.21428,1.51333,0.976297,29.9975,0.115053
533,3-Cl-AHPC,RERF-LC-MS,All,CTRP2,16,0.002,66.0,0.778902,3.81202,0.719326,0.978425,35.2722,0.0859748
534,3-Cl-AHPC,RPMI-6666,All,CTRP2,16,0.002,66.0,0.150431,1.28619,0.15042,0.999989,39.2665,0.0654569
535,3-Cl-AHPC,SK-N-MC,All,CTRP2,16,0.002,66.0,-0.355591,1.34687,-0.355992,0.999741,42.6389,0.0587825
536,3-Cl-AHPC,A-253,All,CTRP2,12,0.0041,66.0,1.05608,3.2751,1.04172,0.992891,35.7463,0.039925
537,3-Cl-AHPC,BC-3C,All,CTRP2,12,0.0041,66.0,3.71887,6.64364,3.3208,0.85158,18.17,0.04542
538,3-Cl-AHPC,WT2-IPS,All,CTRP2,12,0.0041,66.0,1.23968,7.19915,0.445544,0.854641,36.7812,0.119372
539,3-Cl-AHPC,CAL-85-1,All,CTRP2,12,0.0041,66.0,1.51829,5.41095,1.26236,0.927894,33.2759,0.0739118
540,3-Cl-AHPC,COLO684,All,CTRP2,12,0.0041,66.0,0.333417,3.76526,0.25476,0.974826,41.0958,0.072098
541,3-Cl-AHPC,HS746.T,All,CTRP2,12,0.0041,66.0,3.38042,7.91497,2.47586,0.784288,22.5899,0.0218794
542,3-Cl-AHPC,HSC-2,All,CTRP2,12,0.0041,66.0,1.61478,5.1967,1.41249,0.938035,32.4105,0.0432258
543,3-Cl-AHPC,HT-144,All,CTRP2,12,0.0041,66.0,3.85396,9.05577,2.47179,0.716107,21.2152,0.0720749
544,3-Cl-AHPC,VMRC-RCZ,All,CTRP2,12,0.0041,66.0,3.60464,8.08303,2.64135,0.767992,21.2579,0.0364494
545,3-Cl-AHPC,MES-SA,All,CTRP2,12,0.0041,66.0,1.76294,4.41821,1.69497,0.971883,30.8813,0.0441245
546,3-Cl-AHPC,NCI-H1105,All,CTRP2,12,0.0041,66.0,-2.37512,4.37384,-2.7478,0.939409,58.2868,0.0980075
547,3-Cl-AHPC,NCI-H322,All,CTRP2,12,0.0041,66.0,0.90699,4.44799,0.779199,0.960373,37.181,0.073146
548,3-Cl-AHPC,OAW42,All,CTRP2,12,0.0041,66.0,1.44507,3.66676,1.42389,0.989529,32.9876,0.0376869
549,3-Cl-AHPC,PSN1,All,CTRP2,12,0.0041,66.0,0.434072,2.90844,0.418724,0.993186,40.197,0.0468946
550,3-Cl-AHPC,T24,All,CTRP2,12,0.0041,66.0,1.82353,6.15445,1.40751,0.894861,31.6711,0.043322
551,3-Cl-AHPC,TE441.T,All,CTRP2,12,0.0041,66.0,0.802399,4.75694,0.616726,0.948464,38.0922,0.0820003
552,3-Cl-AHPC,TT2609-C02,All,CTRP2,12,0.0041,66.0,2.36534,7.25176,1.64512,0.839474,28.9569,0.054874
553,3-Cl-AHPC,CAKI-1,All,CTRP2,12,0.0041,66.0,5.02032,10.6917,2.82042,0.597906,16.706,0.0743746
554,3-Cl-AHPC,COR-L105,All,CTRP2,12,0.0041,66.0,3.28203,7.69624,2.45986,0.798187,22.9536,0.059442
555,3-Cl-AHPC,DMS273,All,CTRP2,12,0.0041,66.0,1.79545,5.0934,1.62812,0.944318,31.0038,0.0371991
556,3-Cl-AHPC,ESS-1,All,CTRP2,12,0.0041,66.0,0.268996,1.96488,0.268128,0.999438,41.3309,0.0273977
557,3-Cl-AHPC,G-402,All,CTRP2,12,0.0041,66.0,0.587408,3.73607,0.525177,0.97829,39.2477,0.039788
558,3-Cl-AHPC,HOS,All,CTRP2,12,0.0041,66.0,2.26737,3.9972,2.25449,0.991818,27.0741,0.0238667
559,3-Cl-AHPC,HS294T,All,CTRP2,12,0.0041,66.0,1.57626,5.21442,1.36714,0.936937,32.7072,0.0616319
560,3-Cl-AHPC,JHH-6,All,CTRP2,12,0.0041,66.0,7.43416,8.16525,5.81122,0.0151155,0.0362646,0.108185
561,3-Cl-AHPC,MFE-319,All,CTRP2,12,0.0041,66.0,2.62755,6.29598,2.24386,0.885597,25.8806,0.0694071
562,3-Cl-AHPC,MOLP-8,All,CTRP2,12,0.0041,66.0,0.406234,4.33263,0.260015,0.959111,40.7599,0.104585
563,3-Cl-AHPC,NCI-H1339,All,CTRP2,12,0.0041,66.0,1.52072,3.70672,1.49985,0.989511,32.4453,0.0509344
564,3-Cl-AHPC,OV7,All,CTRP2,12,0.0041,66.0,0.885576,4.66032,0.722949,0.952704,37.439,0.0727435
565,3-Cl-AHPC,PANC03.27,All,CTRP2,12,0.0041,66.0,1.01428,2.40664,1.01383,0.999643,35.9964,0.0331102
566,3-Cl-AHPC,PLC/PRF/5,All,CTRP2,12,0.0041,66.0,2.14288,4.70803,2.06309,0.965839,28.2076,0.0336363
567,3-Cl-AHPC,UM-SCC-9,All,CTRP2,12,0.0041,66.0,2.69042,7.22143,2.00652,0.835682,26.5642,0.0606405
568,3-Cl-AHPC,SK-LMS-1,All,CTRP2,12,0.0041,66.0,3.0942,7.72274,2.25,0.802262,24.3521,0.0747076
569,3-Cl-AHPC,SK-MEL-2,All,CTRP2,12,0.0041,66.0,2.53823,9.30401,1.014,0.757431,30.4877,0.0920795
570,3-Cl-AHPC,JHH-2,All,CTRP2,12,0.0041,66.0,2.4644,5.88267,2.1804,0.908975,26.6665,0.0672582
571,3-Cl-AHPC,A-498,All,CTRP2,12,0.0041,66.0,1.77219,7.70304,0.843177,0.829592,33.6563,0.188148
572,3-Cl-AHPC,HLF,All,CTRP2,12,0.0041,66.0,0.813868,3.85904,0.751648,0.977557,37.636,0.0592638
573,3-Cl-AHPC,JHH-1,All,CTRP2,12,0.0041,66.0,3.23917,7.51673,2.48463,0.8086,22.9886,0.0953932
574,3-Cl-AHPC,OV56,All,CTRP2,12,0.0041,66.0,1.06147,4.42618,0.947535,0.962815,36.0415,0.0702151
575,3-Cl-AHPC,PANC02.03,All,CTRP2,12,0.0041,66.0,3.91612,8.62683,2.7272,0.72962,20.0048,0.086024
576,3-Cl-AHPC,SNU-475,All,CTRP2,12,0.0041,66.0,6.98515,13.449,3.09391,0.420728,11.3618,0.0750394
577,3-Cl-AHPC,TOV-21G,All,CTRP2,12,0.0041,66.0,4.80499,12.6958,1.63669,0.585433,21.8975,0.112807
578,3-Cl-AHPC,647V,All,CTRP2,12,0.0041,66.0,0.18685,2.11324,0.184654,0.998747,41.923,0.0284936
579,3-Cl-AHPC,8-MG-BA,All,CTRP2,12,0.0041,66.0,1.36896,5.09415,1.16645,0.940347,34.1527,0.0755143
580,3-Cl-AHPC,A101D,All,CTRP2,12,0.0041,66.0,2.45809,6.20286,2.08615,0.891315,27.0389,0.15311
581,3-Cl-AHPC,A2058,All,CTRP2,12,0.0041,66.0,1.49356,2.47779,1.49353,0.999961,32.5653,0.0660428
582,3-Cl-AHPC,ASPC-1,All,CTRP2,12,0.0041,66.0,3.73707,7.97594,2.82456,0.767813,20.1257,0.110735
583,3-Cl-AHPC,CAKI-2,All,CTRP2,12,0.0041,66.0,6.22629,10.9075,3.76274,0.478668,9.91061,0.101716
584,3-Cl-AHPC,CAL-27,All,CTRP2,12,0.0041,66.0,1.2928,2.56706,1.29248,0.999724,34.0029,0.125579
585,3-Cl-AHPC,COLO792,All,CTRP2,12,0.0041,66.0,7.97392,12.4035,4.29293,0.277458,4.68283,0.0873624
586,3-Cl-AHPC,FTC-238,All,CTRP2,12,0.0041,66.0,0.690607,2.74539,0.684523,0.996747,38.3321,0.07267
587,3-Cl-AHPC,GMS-10,All,CTRP2,12,0.0041,66.0,2.76647,5.8944,2.50692,0.909091,24.4217,0.10045
588,3-Cl-AHPC,GOS-3,All,CTRP2,12,0.0041,66.0,2.26198,6.16423,1.88319,0.893761,28.453,0.0825056
589,3-Cl-AHPC,HMCB,All,CTRP2,12,0.0041,66.0,-0.515656,1.87877,-0.52094,0.997576,46.9531,0.0749931
590,3-Cl-AHPC,HUH-1,All,CTRP2,12,0.0041,66.0,2.5334,6.95204,1.93141,0.851433,27.3598,0.137226
591,3-Cl-AHPC,IGR-39,All,CTRP2,12,0.0041,66.0,4.87099,11.1902,2.43834,0.600608,18.65,0.137716
592,3-Cl-AHPC,IST-MES1,All,CTRP2,12,0.0041,66.0,3.0965,9.365,1.56315,0.737553,26.8859,0.0607772
593,3-Cl-AHPC,M059K,All,CTRP2,12,0.0041,66.0,3.10612,5.6404,2.93836,0.927404,21.6473,0.148084
594,3-Cl-AHPC,PATU8988T,All,CTRP2,12,0.0041,66.0,2.44362,5.80784,2.17675,0.913071,26.7506,0.089477
595,3-Cl-AHPC,SCABER,All,CTRP2,12,0.0041,66.0,1.61013,5.79212,1.27165,0.911313,32.9055,0.129888
596,3-Cl-AHPC,SK-N-SH,All,CTRP2,12,0.0041,66.0,0.567348,4.47803,0.410431,0.955946,39.6597,0.0706202
597,3-Cl-AHPC,TM-31,All,CTRP2,12,0.0041,66.0,2.4704,5.21603,2.33491,0.94584,26.0708,0.0852539
598,3-Cl-AHPC,YH-13,All,CTRP2,12,0.0041,66.0,2.89733,6.17516,2.57333,0.89183,23.7345,0.0790344
599,3-Cl-AHPC,A-673,All,CTRP2,14,0.002,66.0,-0.527978,1.25572,-0.528472,0.999695,43.7876,0.0281461
600,3-Cl-AHPC,DU145,All,CTRP2,14,0.002,66.0,2.00791,6.02773,1.64381,0.900817,28.1345,0.0649779
601,3-Cl-AHPC,FADU,All,CTRP2,14,0.002,66.0,0.241466,3.47631,0.185373,0.980952,38.8297,0.0459351
602,3-Cl-AHPC,HCC4006,All,CTRP2,14,0.002,66.0,3.72358,8.02692,2.78903,0.765841,18.9225,0.105611
603,3-Cl-AHPC,HS683,All,CTRP2,14,0.002,66.0,2.10545,5.79482,1.8112,0.912605,27.2496,0.0530599
604,3-Cl-AHPC,HS729.T,All,CTRP2,14,0.002,66.0,2.99899,6.454,2.60059,0.873993,21.6947,0.0637778
605,3-Cl-AHPC,HT-1080,All,CTRP2,14,0.002,66.0,1.74248,5.79158,1.41614,0.911687,29.7584,0.0764199
606,3-Cl-AHPC,JHH-5,All,CTRP2,14,0.002,66.0,1.8393,4.22121,1.79539,0.979748,28.1624,0.0660319
607,3-Cl-AHPC,JHUEM-1,All,CTRP2,14,0.002,66.0,1.16303,5.10513,0.94114,0.93824,33.2402,0.068379
608,3-Cl-AHPC,MEWO,All,CTRP2,14,0.002,66.0,1.74861,4.8764,1.61576,0.953369,29.0669,0.047337
609,3-Cl-AHPC,MIAPACA-2,All,CTRP2,14,0.002,66.0,1.17342,3.63608,1.14474,0.987207,32.5464,0.0478671
610,3-Cl-AHPC,SK-MES-1,All,CTRP2,14,0.002,66.0,0.774697,3.92373,0.70395,0.975323,35.3354,0.069348
611,3-Cl-AHPC,SK-N-DZ,All,CTRP2,14,0.002,66.0,1.94692,3.47257,1.94313,0.997271,27.3106,0.0781386
612,3-Cl-AHPC,SW579,All,CTRP2,14,0.002,66.0,0.387008,2.35382,0.383792,0.998204,37.7009,0.0423867
613,3-Cl-AHPC,WM115,All,CTRP2,14,0.002,66.0,1.76667,6.79689,1.15075,0.866288,30.5483,0.0706842
614,3-Cl-AHPC,WM266-4,All,CTRP2,14,0.002,66.0,-0.999713,1.98845,-1.01494,0.994401,46.9539,0.0811752
615,3-Cl-AHPC,BT-20,All,CTRP2,14,0.002,66.0,1.58199,6.65816,0.993972,0.873421,31.6529,0.0821676
616,3-Cl-AHPC,CAL-54,All,CTRP2,14,0.002,66.0,2.65001,6.60248,2.17384,0.868411,24.2859,0.0583594
617,3-Cl-AHPC,CAPAN-1,All,CTRP2,14,0.002,66.0,3.32837,5.70804,3.16492,0.924686,18.6594,0.106644
618,3-Cl-AHPC,CHP-212,All,CTRP2,14,0.002,66.0,-0.279996,4.50798,-0.507004,0.94796,42.6427,0.105135
619,3-Cl-AHPC,HS895.T,All,CTRP2,14,0.002,66.0,6.15111,7.37118,5.4677,0.452102,2.22578,0.0474551
620,3-Cl-AHPC,KATOIII,All,CTRP2,14,0.002,66.0,3.56685,5.87344,3.38528,0.913732,17.1367,0.0516195
621,3-Cl-AHPC,KMRC-2,All,CTRP2,14,0.002,66.0,5.75482,10.3167,3.66235,0.534812,10.5744,0.034522
622,3-Cl-AHPC,KNS-42,All,CTRP2,14,0.002,66.0,6.68677,14.8084,2.18557,0.456662,14.6678,0.0577072
623,3-Cl-AHPC,MPP89,All,CTRP2,14,0.002,66.0,3.18846,6.6091,2.75697,0.862296,20.559,0.112957
624,3-Cl-AHPC,NCI-H1693,All,CTRP2,14,0.002,66.0,3.5053,6.23214,3.21994,0.885537,17.9205,0.116587
625,3-Cl-AHPC,PANC04.03,All,CTRP2,14,0.002,66.0,3.33469,8.75282,2.0753,0.750048,22.6658,0.0721453
626,3-Cl-AHPC,PE/CA-PJ49,All,CTRP2,14,0.002,66.0,1.21409,4.03916,1.15538,0.977175,32.3749,0.0492857
627,3-Cl-AHPC,SK-MEL-24,All,CTRP2,14,0.002,66.0,2.94995,8.40668,1.82135,0.77661,24.6627,0.0542138
628,3-Cl-AHPC,SK-N-AS,All,CTRP2,14,0.002,66.0,-0.2753,2.11463,-0.281801,0.997012,42.122,0.0722238
629,3-Cl-AHPC,TE617.T,All,CTRP2,14,0.002,66.0,1.60733,4.6952,1.49258,0.959194,29.9454,0.0743219
630,3-Cl-AHPC,YKG-1,All,CTRP2,14,0.002,66.0,5.96294,9.52488,4.23582,0.512558,7.75967,0.0284269
631,3-Cl-AHPC,BCP-1,All,CTRP2,14,0.002,66.0,2.64978,5.79957,2.40362,0.914355,23.4677,0.104914
632,3-Cl-AHPC,BL-70,All,CTRP2,14,0.002,66.0,-0.123487,2.1563,-0.12891,0.997387,41.108,0.0662501
633,3-Cl-AHPC,COR-L95,All,CTRP2,14,0.002,66.0,1.66159,6.39262,1.16186,0.884474,30.8572,0.1098
634,3-Cl-AHPC,D283MED,All,CTRP2,14,0.002,66.0,-2.40692,-1.86326,-2.40692,1.0,56.3039,0.0441745
635,3-Cl-AHPC,HL-60,All,CTRP2,14,0.002,66.0,0.757669,1.91873,0.757621,0.999955,35.2211,0.0386132
636,3-Cl-AHPC,HUP-T3,All,CTRP2,14,0.002,66.0,2.20931,9.85126,0.438299,0.75076,31.2783,0.0577605
637,3-Cl-AHPC,IMR-32,All,CTRP2,14,0.002,66.0,-1.83159,-0.850587,-1.83159,1.0,52.4709,0.084202
638,3-Cl-AHPC,KO52,All,CTRP2,14,0.002,66.0,-0.611547,1.04743,-0.611771,0.999852,44.3435,0.0345717
639,3-Cl-AHPC,MEC1,All,CTRP2,14,0.002,66.0,-0.586837,1.68466,-0.590217,0.998365,44.1874,0.0592756
640,3-Cl-AHPC,NCI-H1092,All,CTRP2,14,0.002,66.0,3.24475,7.82236,2.3701,0.793116,21.8293,0.183714
641,3-Cl-AHPC,NCI-H2196,All,CTRP2,14,0.002,66.0,2.92289,6.55296,2.48648,0.868687,22.3371,0.178727
642,3-Cl-AHPC,NH-6,All,CTRP2,14,0.002,66.0,0.430388,3.66224,0.367056,0.978475,37.5981,0.0601548
643,3-Cl-AHPC,OCI-M1,All,CTRP2,14,0.002,66.0,-0.234035,1.34461,-0.234265,0.99984,41.8286,0.0359997
644,3-Cl-AHPC,SIG-M5,All,CTRP2,14,0.002,66.0,-0.614883,0.701384,-0.614901,0.999985,44.3651,0.0266905
645,3-Cl-AHPC,TF-1,All,CTRP2,14,0.002,66.0,0.566577,3.23982,0.539904,0.989039,36.5801,0.0549015
646,3-Cl-AHPC,UACC-812,All,CTRP2,14,0.002,66.0,3.63229,19.1916,-2.63372,0.584343,34.058,0.178171
647,3-Cl-AHPC,786-O,All,CTRP2,14,0.002,66.0,1.15964,4.44025,1.05042,0.963442,32.9021,0.06077
648,3-Cl-AHPC,A4/FUKUDA,All,CTRP2,14,0.002,66.0,-0.297912,2.81471,-0.329755,0.988761,42.3393,0.101828
649,3-Cl-AHPC,HCT15,All,CTRP2,14,0.002,66.0,0.232033,2.16394,0.229669,0.998656,38.7305,0.0436603
650,3-Cl-AHPC,HEL92.1.7,All,CTRP2,14,0.002,66.0,-2.36538,-1.79758,-2.36538,1.0,56.0271,0.0263402
651,3-Cl-AHPC,HUNS1,All,CTRP2,14,0.002,66.0,-0.267289,1.08696,-0.267333,0.999964,42.0495,0.111011
652,3-Cl-AHPC,JHOS-2,All,CTRP2,14,0.002,66.0,3.16106,6.77245,2.67259,0.85249,20.9499,0.0650542
653,3-Cl-AHPC,K-562,All,CTRP2,14,0.002,66.0,1.1904,3.04338,1.18508,0.996845,32.3557,0.0526824
654,3-Cl-AHPC,NCI-H1341,All,CTRP2,14,0.002,66.0,-0.629117,1.28454,-0.629936,0.99953,44.4622,0.0629205
655,3-Cl-AHPC,NCI-H1568,All,CTRP2,14,0.002,66.0,-0.290268,3.02972,-0.335254,0.985115,42.3212,0.0544577
656,3-Cl-AHPC,NCI-H1703,All,CTRP2,14,0.002,66.0,1.87901,4.00779,1.85306,0.986604,27.8373,0.0609732
657,3-Cl-AHPC,NCI-H838,All,CTRP2,14,0.002,66.0,0.193067,2.15967,0.190478,0.998554,38.9908,0.0360567
658,3-Cl-AHPC,SK-N-FI,All,CTRP2,14,0.002,66.0,1.10063,3.89378,1.04964,0.979945,33.1045,0.0806793
659,3-Cl-AHPC,TE-11,All,CTRP2,14,0.002,66.0,0.658842,3.51706,0.618065,0.984328,36.0109,0.0568956
660,3-Cl-AHPC,DAUDI,All,CTRP2,12,0.0041,66.0,0.34991,2.04347,0.348957,0.999382,40.7522,0.0670926
661,3-Cl-AHPC,HH[HUMANLYMPHOMA],All,CTRP2,12,0.0041,66.0,1.72514,6.21961,1.28167,0.892022,32.4506,0.0546074
662,3-Cl-AHPC,HT-1197,All,CTRP2,12,0.0041,66.0,2.87071,8.16518,1.83682,0.788697,26.6096,0.0647509
663,3-Cl-AHPC,LUDLU-1,All,CTRP2,12,0.0041,66.0,0.547182,6.44632,-0.069276,0.885697,40.8691,0.0746272
664,3-Cl-AHPC,NCI-H146,All,CTRP2,12,0.0041,66.0,0.636624,4.43708,0.49115,0.957972,39.1416,0.0580049
665,3-Cl-AHPC,NCI-H1915,All,CTRP2,12,0.0041,66.0,3.52814,6.50789,3.15909,0.864766,19.4139,0.0371769
666,3-Cl-AHPC,NCI-H1944,All,CTRP2,12,0.0041,66.0,-0.134801,3.63581,-0.22604,0.973423,44.4182,0.0584595
667,3-Cl-AHPC,NCI-H522,All,CTRP2,12,0.0041,66.0,1.26477,2.93812,1.26191,0.998123,34.2126,0.110449
668,3-Cl-AHPC,PE/CA-PJ41(CLONED2),All,CTRP2,12,0.0041,66.0,1.525,4.85254,1.37906,0.951856,32.8539,0.0474768
669,3-Cl-AHPC,PE/CA-PJ15,All,CTRP2,12,0.0041,66.0,1.30266,5.64086,0.973956,0.91695,35.0252,0.0795412
670,3-Cl-AHPC,RVH-421,All,CTRP2,12,0.0041,66.0,4.59135,8.94986,3.25505,0.675357,15.9437,0.0585464
671,3-Cl-AHPC,SET-2,All,CTRP2,12,0.0041,66.0,-2.2978,-0.42246,-2.2979,0.999943,59.6877,0.0873041
672,3-Cl-AHPC,SNU-16,All,CTRP2,12,0.0041,66.0,0.310508,1.75192,0.310298,0.99984,41.0316,0.0449065
673,3-Cl-AHPC,TOV-112D,All,CTRP2,12,0.0041,66.0,-0.14246,2.53959,-0.157725,0.993747,44.3123,0.0451415
674,3-Cl-AHPC,HCC1419,All,CTRP2,12,0.0041,66.0,6.14768,9.80737,4.24827,0.484503,7.89513,0.0686038
675,3-Cl-AHPC,HCC-56,All,CTRP2,12,0.0041,66.0,1.1007,3.22308,1.0892,0.994048,35.4171,0.163776
676,3-Cl-AHPC,HS839.T,All,CTRP2,12,0.0041,66.0,7.62694,8.74194,5.68155,0.042348,0.15713,0.037464
677,3-Cl-AHPC,PE/CA-PJ34(CLONEC12),All,CTRP2,12,0.0041,66.0,1.41874,4.74548,1.28239,0.955003,33.5768,0.155835
678,3-Cl-AHPC,SNU-387,All,CTRP2,12,0.0041,66.0,4.43887,6.15922,4.25958,0.886006,12.167,0.0900348
679,3-Cl-AHPC,SNU-503,All,CTRP2,12,0.0041,66.0,3.1204,9.27996,1.62502,0.739436,26.5936,0.151703
680,3-Cl-AHPC,SNU-869,All,CTRP2,12,0.0041,66.0,3.881,8.52391,2.73694,0.735714,20.0653,0.0881438
681,3-Cl-AHPC,SNU-C1,All,CTRP2,12,0.0041,66.0,1.52488,4.95317,1.36146,0.947678,32.915,0.120402
682,3-Cl-AHPC,SW1990,All,CTRP2,12,0.0041,66.0,1.08672,4.93342,0.891733,0.944371,36.1211,0.157346
683,3-Cl-AHPC,TE15,All,CTRP2,12,0.0041,66.0,-0.864574,2.56587,-0.901514,0.98817,49.4523,0.167435
684,3-Cl-AHPC,UM-UC-1,All,CTRP2,12,0.0041,66.0,2.13601,6.42477,1.66942,0.881044,29.6566,0.182597
685,3-Cl-AHPC,WM88,All,CTRP2,12,0.0041,66.0,1.90247,5.49415,1.66168,0.92648,30.5037,0.145184
686,3-Cl-AHPC,WM983B,All,CTRP2,12,0.0041,66.0,1.70901,4.77408,1.58957,0.957216,31.4499,0.16208
687,3-Cl-AHPC,ZR-75-30,All,CTRP2,12,0.0041,66.0,4.99799,14.3082,1.01104,0.561426,23.5901,0.0894249
688,3-Cl-AHPC,CI-1,All,CTRP2,12,0.0041,66.0,0.0781304,2.1589,0.0746594,0.998167,42.7048,0.0813922
689,3-Cl-AHPC,CJM[HUMANMELANOMA],All,CTRP2,12,0.0041,66.0,1.74167,4.6321,1.64537,0.963414,31.1345,0.0456633
690,3-Cl-AHPC,HUG1-N,All,CTRP2,12,0.0041,66.0,3.46809,4.6656,3.45853,0.991225,18.47,0.071306
691,3-Cl-AHPC,JEKO-1,All,CTRP2,12,0.0041,66.0,-1.48458,0.0906118,-1.48462,0.999973,53.8758,0.0370724
692,3-Cl-AHPC,JM1,All,CTRP2,12,0.0041,66.0,-1.9624,-0.477619,-1.96241,0.999993,57.2948,0.0578375
693,3-Cl-AHPC,KP-2,All,CTRP2,12,0.0041,66.0,3.63646,5.25479,3.58246,0.96336,17.4276,0.0782273
694,3-Cl-AHPC,LMSU,All,CTRP2,12,0.0041,66.0,2.66318,6.55808,2.2023,0.870731,25.9192,0.0475171
695,3-Cl-AHPC,MG-63,All,CTRP2,12,0.0041,66.0,2.24587,5.52071,2.02932,0.927479,27.9731,0.0802444
696,3-Cl-AHPC,MINO,All,CTRP2,12,0.0041,66.0,-1.76438,-0.522682,-1.76438,0.999999,55.8784,0.0614177
697,3-Cl-AHPC,MJ,All,CTRP2,12,0.0041,66.0,0.181244,4.42629,0.00383772,0.95412,42.3991,0.16092
698,3-Cl-AHPC,MOTN-1,All,CTRP2,12,0.0041,66.0,0.637517,3.59831,0.589629,0.982233,38.847,0.0889648
699,3-Cl-AHPC,RL,All,CTRP2,12,0.0041,66.0,1.2351,4.32516,1.14595,0.968315,34.7238,0.0570469
700,3-Cl-AHPC,SK-MEL-3,All,CTRP2,12,0.0041,66.0,4.82742,7.26568,4.25969,0.749636,10.9967,0.0393298
701,3-Cl-AHPC,SNU-1,All,CTRP2,12,0.0041,66.0,-0.861716,0.520938,-0.861738,0.999983,49.4192,0.0558544
702,3-Cl-AHPC,ST486,All,CTRP2,12,0.0041,66.0,1.27075,4.05384,1.21359,0.97744,34.36,0.0612722
703,3-Cl-AHPC,SUP-B15,All,CTRP2,12,0.0041,66.0,-0.693245,0.740576,-0.693288,0.999967,48.2137,0.0631038
704,3-Cl-AHPC,TC71,All,CTRP2,12,0.0041,66.0,0.396919,1.76737,0.396773,0.999883,40.4131,0.0393745
705,3-Cl-AHPC,BICR18,All,CTRP2,12,0.0041,66.0,1.6446,5.44218,1.39278,0.927281,32.3696,0.0710159
706,3-Cl-AHPC,BICR22,All,CTRP2,12,0.0041,66.0,1.46989,5.02113,1.28963,0.944293,33.3631,0.0666752
707,3-Cl-AHPC,BICR31,All,CTRP2,12,0.0041,66.0,2.08652,7.07585,1.40507,0.851066,30.7464,0.0554046
708,3-Cl-AHPC,COLO678,All,CTRP2,12,0.0041,66.0,5.32914,9.79045,3.54633,0.587168,12.8333,0.0749749
709,3-Cl-AHPC,EFM-192A,All,CTRP2,12,0.0041,66.0,3.47578,7.06304,2.90936,0.828253,20.5714,0.171772
710,3-Cl-AHPC,G-401,All,CTRP2,12,0.0041,66.0,0.560612,3.82646,0.488131,0.975623,39.4686,0.0382405
711,3-Cl-AHPC,HS888.LU,All,CTRP2,12,0.0041,66.0,7.34725,14.9263,2.63698,0.406679,12.5925,0.0430476
712,3-Cl-AHPC,KP-N-YN,All,CTRP2,12,0.0041,66.0,4.85384,7.25146,4.29312,0.748578,10.7805,0.0978768
713,3-Cl-AHPC,NCI-H1395,All,CTRP2,12,0.0041,66.0,3.86382,9.39201,2.32873,0.704056,21.7564,0.0806125
714,3-Cl-AHPC,SNU-423,All,CTRP2,12,0.0041,66.0,3.13764,6.8578,2.61793,0.847717,22.7844,0.0711025
715,3-Cl-AHPC,SW1417,All,CTRP2,12,0.0041,66.0,2.33601,5.85027,2.04864,0.910406,27.5924,0.14747
716,3-Cl-AHPC,SW1783,All,CTRP2,12,0.0041,66.0,4.25939,6.11828,4.0757,0.89186,13.4661,0.0609378
717,3-Cl-AHPC,VCAP,All,CTRP2,12,0.0041,66.0,3.78969,7.30046,3.15494,0.803941,18.6221,0.0593938
718,3-Cl-AHPC,DMS454,All,CTRP2,16,0.002,66.0,1.79365,7.26937,1.02133,0.846275,30.8703,0.124201
719,3-Cl-AHPC,GCT,All,CTRP2,16,0.002,66.0,1.24081,5.22721,1.00049,0.933865,32.7857,0.0583594
720,3-Cl-AHPC,HCC2935,All,CTRP2,16,0.002,66.0,5.70814,10.2279,3.66622,0.540776,10.6539,0.0786998
721,3-Cl-AHPC,HOP-62,All,CTRP2,16,0.002,66.0,1.21986,6.30261,0.706508,0.889496,33.759,0.0793498
722,3-Cl-AHPC,NCI-H747,All,CTRP2,16,0.002,66.0,2.88097,16.4457,-1.98129,0.625372,34.7493,0.0745346
723,3-Cl-AHPC,OVCAR-5,All,CTRP2,16,0.002,66.0,2.09349,7.00119,1.43803,0.854316,28.5596,0.0690721
724,3-Cl-AHPC,SF268,All,CTRP2,16,0.002,66.0,-0.247232,3.31717,-0.31299,0.979735,42.087,0.0638621
725,3-Cl-AHPC,SF539,All,CTRP2,16,0.002,66.0,-1.43402,0.482964,-1.43435,0.999811,49.8223,0.0519765
726,3-Cl-AHPC,TUHR14TKB,All,CTRP2,16,0.002,66.0,6.0772,8.66399,4.76183,0.493034,5.32806,0.10999
727,3-Cl-AHPC,U-251MG,All,CTRP2,16,0.002,66.0,3.07134,7.26017,2.4022,0.826281,22.2075,0.0665904
728,3-Cl-AHPC,DMS53,All,CTRP2,16,0.002,66.0,-0.403969,3.52573,-0.498621,0.973545,43.1805,0.0735695
729,3-Cl-AHPC,HEC-1-A,All,CTRP2,16,0.002,66.0,2.3321,5.51742,2.12383,0.928291,25.4465,0.0564447
730,3-Cl-AHPC,IGR-37,All,CTRP2,16,0.002,66.0,1.83084,3.14014,1.82983,0.999151,28.0747,0.072767
731,3-Cl-AHPC,KNS-62,All,CTRP2,16,0.002,66.0,2.84204,6.58002,2.38988,0.867884,22.9296,0.0658064
732,3-Cl-AHPC,MDA-MB-157,All,CTRP2,16,0.002,66.0,-1.84215,3.55825,-2.03316,0.961162,52.3115,0.134412
733,3-Cl-AHPC,NCI-H1563,All,CTRP2,16,0.002,66.0,5.32398,6.06775,5.25168,0.893616,5.05318,0.0976965
734,3-Cl-AHPC,OC314,All,CTRP2,16,0.002,66.0,-1.70848,-0.979113,-1.70848,1.0,51.6508,0.0277023
735,3-Cl-AHPC,UO-31,All,CTRP2,16,0.002,66.0,0.0962355,4.01349,-0.026271,0.965656,39.9692,0.103443
736,3-Cl-AHPC,BICR56,All,CTRP2,16,0.002,66.0,2.22923,5.714,1.96614,0.917249,26.3208,0.0914669
737,3-Cl-AHPC,CAL-33,All,CTRP2,16,0.002,66.0,1.13592,3.95676,1.08099,0.978613,32.8826,0.0888447
738,3-Cl-AHPC,CALU-1,All,CTRP2,16,0.002,66.0,3.80478,8.53137,2.65558,0.739065,19.2162,0.0581945
739,3-Cl-AHPC,CAPAN-2,All,CTRP2,16,0.002,66.0,2.30236,8.92512,0.927616,0.775823,29.5549,0.0714779
740,3-Cl-AHPC,DMS114,All,CTRP2,16,0.002,66.0,1.99421,3.3744,1.99222,0.998418,26.9895,0.0730176
741,3-Cl-AHPC,EKVX,All,CTRP2,16,0.002,66.0,4.5171,7.69102,3.75504,0.742176,13.0436,0.0989701
742,3-Cl-AHPC,HCC1438,All,CTRP2,16,0.002,66.0,0.751837,2.69159,0.74745,0.997515,35.2743,0.0542275
743,3-Cl-AHPC,HCT8,All,CTRP2,16,0.002,66.0,2.4491,4.45735,2.414,0.980803,24.0704,0.0687167
744,3-Cl-AHPC,HOP-92,All,CTRP2,16,0.002,66.0,3.1802,8.37192,2.0769,0.770684,23.0901,0.079441
745,3-Cl-AHPC,KYM-1,All,CTRP2,16,0.002,66.0,-2.1636,1.65576,-2.19426,0.991181,54.5564,0.11353
746,3-Cl-AHPC,KYSE-30,All,CTRP2,16,0.002,66.0,2.66807,6.02715,2.36441,0.901011,23.5502,0.0509743
747,3-Cl-AHPC,KYSE-510,All,CTRP2,16,0.002,66.0,1.24769,4.26227,1.16693,0.970578,32.224,0.0483564
748,3-Cl-AHPC,L-428,All,CTRP2,16,0.002,66.0,-0.00793138,2.33443,-0.0152042,0.996589,40.3442,0.0745827
749,3-Cl-AHPC,MDA-MB-361,All,CTRP2,16,0.002,66.0,4.58456,11.0449,2.24326,0.621637,18.8436,0.0995987
750,3-Cl-AHPC,MFE-296,All,CTRP2,16,0.002,66.0,0.312894,4.44957,0.14159,0.954537,38.6772,0.0574651
751,3-Cl-AHPC,NU-DHL-1,All,CTRP2,16,0.002,66.0,-2.36736,0.261908,-2.36948,0.999115,56.0154,0.111824
752,3-Cl-AHPC,SNB-75,All,CTRP2,16,0.002,66.0,3.72455,7.13907,3.14769,0.816499,17.5511,0.0852479
753,3-Cl-AHPC,SNU-216,All,CTRP2,16,0.002,66.0,4.64344,7.50354,3.96679,0.745786,11.8767,0.0768987
754,3-Cl-AHPC,BICR16,All,CTRP2,16,0.002,66.0,3.42277,6.67669,2.98871,0.854491,19.0148,0.0566353
755,3-Cl-AHPC,F-36P,All,CTRP2,16,0.002,66.0,1.16154,4.61372,1.02701,0.957214,32.9714,0.0746617
756,3-Cl-AHPC,JJN-3,All,CTRP2,16,0.002,66.0,2.67924,7.3779,1.93755,0.828302,25.0416,0.0639243
757,3-Cl-AHPC,KASUMI-2,All,CTRP2,16,0.002,66.0,-1.98336,-0.952116,-1.98336,1.0,53.482,0.066236
758,3-Cl-AHPC,KG-1-C,All,CTRP2,16,0.002,66.0,5.78577,6.28072,5.67509,0.759163,2.1365,0.0437593
759,3-Cl-AHPC,KMS-20,All,CTRP2,16,0.002,66.0,-0.851189,1.83216,-0.859782,0.996482,45.9575,0.081974
760,3-Cl-AHPC,KYSE-150,All,CTRP2,16,0.002,66.0,1.58378,4.79183,1.45229,0.955003,30.158,0.0550982
761,3-Cl-AHPC,OCI-AML-5,All,CTRP2,16,0.002,66.0,0.0403668,1.48687,0.0402227,0.999891,40.0002,0.0543177
762,3-Cl-AHPC,PANC08.13,All,CTRP2,16,0.002,66.0,2.23012,6.29945,1.80941,0.886905,26.8629,0.0928265
763,3-Cl-AHPC,SNU-601,All,CTRP2,16,0.002,66.0,0.905863,4.0935,0.824188,0.971858,34.4988,0.0664017
764,3-Cl-AHPC,SNU-C4,All,CTRP2,16,0.002,66.0,2.23729,5.98292,1.90622,0.903199,26.5039,0.0687918
765,3-Cl-AHPC,T-47D,All,CTRP2,16,0.002,66.0,5.0874,12.2733,2.10039,0.572637,18.2281,0.0457952
766,3-Cl-AHPC,T84,All,CTRP2,16,0.002,66.0,0.248078,3.41708,0.197143,0.982344,38.7709,0.074749
767,3-Cl-AHPC,TE-14,All,CTRP2,16,0.002,66.0,1.68206,3.308,1.678,0.997255,29.0761,0.0670756
768,3-Cl-AHPC,U266B1,All,CTRP2,16,0.002,66.0,0.667618,4.04308,0.577527,0.970687,36.106,0.0689035
769,3-Cl-AHPC,42-MG-BA,All,CTRP2,16,0.002,66.0,0.061999,2.98026,0.0329366,0.98906,39.9431,0.0450945
770,3-Cl-AHPC,BT139,All,CTRP2,16,0.002,66.0,8.04414,18.383,1.452,0.395324,14.9374,0.0936747
771,3-Cl-AHPC,BT159,All,CTRP2,16,0.002,66.0,7.49818,19.5288,0.472151,0.434009,19.0018,0.0607576
772,3-Cl-AHPC,BT228,All,CTRP2,16,0.002,66.0,5.68559,13.7773,1.87499,0.524338,17.7756,0.076487
773,3-Cl-AHPC,BT231,All,CTRP2,16,0.002,66.0,3.53191,10.4182,1.52495,0.690329,24.0927,0.0533652
774,3-Cl-AHPC,BT239,All,CTRP2,16,0.002,66.0,2.09814,6.9961,1.44478,0.854494,28.5224,0.0990658
775,3-Cl-AHPC,BT-474,All,CTRP2,16,0.002,66.0,4.97962,7.97986,4.09102,0.685634,10.5266,0.102703
776,3-Cl-AHPC,COV434,All,CTRP2,16,0.002,66.0,0.588861,4.65792,0.403773,0.950069,36.9068,0.0660605
777,3-Cl-AHPC,DND-41,All,CTRP2,16,0.002,66.0,-1.63582,0.345544,-1.63618,0.9998,51.1661,0.0446743
778,3-Cl-AHPC,G-292CLONEA141B1,All,CTRP2,16,0.002,66.0,0.322969,4.51795,0.141174,0.952426,38.6393,0.0849987
779,3-Cl-AHPC,HCC2218,All,CTRP2,16,0.002,66.0,4.88289,10.2353,2.9167,0.616995,15.5198,0.323383
780,3-Cl-AHPC,HS766T,All,CTRP2,16,0.002,66.0,3.50104,5.75097,3.34302,0.922996,17.4908,0.0410713
781,3-Cl-AHPC,KMRC-3,All,CTRP2,16,0.002,66.0,1.07156,6.26752,0.55485,0.891182,34.7204,0.074849
782,3-Cl-AHPC,M-07E,All,CTRP2,16,0.002,66.0,-2.19013,-1.41876,-2.19013,1.0,54.8596,0.049518
783,3-Cl-AHPC,NCI-H1651,All,CTRP2,16,0.002,66.0,0.791206,5.12831,0.53307,0.934706,35.792,0.0695276
784,3-Cl-AHPC,SK-BR-3,All,CTRP2,16,0.002,66.0,0.923632,6.28948,0.387143,0.890598,35.7192,0.0780045
785,3-Cl-AHPC,SNU-1033,All,CTRP2,16,0.002,66.0,1.79178,6.94122,1.13081,0.859912,30.5303,0.0504447
786,3-Cl-AHPC,URD-B,All,CTRP2,16,0.002,66.0,0.281897,4.23942,0.14065,0.96081,38.7998,0.0469315
787,3-Cl-AHPC,AML-193,All,CTRP2,16,0.002,66.0,-2.14713,-0.822541,-2.14713,0.999999,54.5731,0.126697
788,3-Cl-AHPC,HGC-27,All,CTRP2,16,0.002,66.0,-0.89933,1.6439,-0.905059,0.997525,46.272,0.0557802
789,3-Cl-AHPC,HS578BST,All,CTRP2,16,0.002,66.0,5.35853,6.21056,5.24473,0.854298,4.97612,0.0918023
790,3-Cl-AHPC,HS688(A).T,All,CTRP2,16,0.002,66.0,7.46378,8.56719,5.68165,0.0559134,0.192499,0.120379
791,3-Cl-AHPC,HUT78,All,CTRP2,16,0.002,66.0,-0.592853,1.76827,-0.597309,0.997927,44.2302,0.113861
792,3-Cl-AHPC,NCI-H1793,All,CTRP2,16,0.002,66.0,3.46143,12.8449,0.308528,0.64676,28.0974,0.0661284
793,3-Cl-AHPC,UM-SCC-4,All,CTRP2,16,0.002,66.0,0.0394603,4.22425,-0.116717,0.959022,40.4249,0.0669712
794,3-Cl-AHPC,SK-ES-1,All,CTRP2,16,0.002,66.0,-1.30283,0.0864008,-1.30284,0.999991,48.9483,0.0858779
795,3-Cl-AHPC,HS888.T,All,CTRP2,16,0.002,66.0,7.06725,21.0777,-0.637794,0.459983,22.8696,0.0511953
796,3-Cl-AHPC,MDA-MB-453,All,CTRP2,16,0.002,66.0,1.51191,8.25228,0.358532,0.814194,33.7363,0.0903343
797,3-Cl-AHPC,NCI-H660,All,CTRP2,16,0.002,66.0,2.04438,7.19802,1.3173,0.846237,29.1153,0.0885894
798,3-Cl-AHPC,SAOS-2,All,CTRP2,16,0.002,66.0,1.51165,3.95048,1.47487,0.983434,30.3207,0.0482509
799,3-Cl-AHPC,U-BLC1,All,CTRP2,16,0.002,66.0,1.64981,2.80499,1.64956,0.999766,29.2782,0.0484116
800,3-Cl-AHPC,BT248,All,CTRP2,16,0.002,66.0,5.09595,10.5384,2.96511,0.594573,14.8419,0.11652
801,3-Cl-AHPC,NCI-H1694,All,CTRP2,16,0.002,66.0,-0.211304,1.74259,-0.212869,0.99912,41.6813,0.169303
802,3-Cl-AHPC,SEM,All,CTRP2,16,0.002,66.0,-2.40163,-1.41817,-2.40163,1.0,56.2686,0.0364881
803,3-Cl-AHPC,HS822.T,All,CTRP2,16,0.002,66.0,5.95962,6.41072,5.78654,0.601786,1.25939,0.0560861
804,3-Cl-AHPC,HS940.T,All,CTRP2,16,0.002,66.0,7.62598,10.7947,4.82208,0.250359,2.76847,0.0715803
805,3-Cl-AHPC,KMBC-2,All,CTRP2,16,0.002,66.0,1.09813,5.65581,0.747326,0.915642,34.0631,0.107677
806,3-Cl-AHPC,RCC10RGB,All,CTRP2,16,0.002,66.0,6.53862,13.9663,2.4874,0.463515,13.7961,0.0480084
807,3-Cl-AHPC,SK-N-BE(2),All,CTRP2,16,0.002,66.0,0.465226,7.34876,-0.444598,0.855804,39.4153,0.143602
808,3-Cl-AHPC,AU565,All,CTRP2,16,0.002,66.0,1.79781,7.8618,0.812008,0.823276,31.4984,0.0739363
809,3-Cl-AHPC,COLO320,All,CTRP2,16,0.002,66.0,-1.80814,0.264809,-1.8086,0.999757,52.313,0.102809
810,3-Cl-AHPC,MDA-MB-415,All,CTRP2,16,0.002,66.0,4.30929,8.65107,3.11389,0.706424,16.1189,0.0569465
811,3-Cl-AHPC,PANC10.05,All,CTRP2,16,0.002,66.0,2.97774,8.14612,1.95745,0.78646,24.0974,0.0595561
