,id,standard_drug_name,gene,dataset,cancer_type,pvalue,statistic,provided_pvalue,provided_statistic,n_mut,n_wt,provided_n_mut,provided_n_wt
0,32371425,narciclasine,CALU,All,pancan,0.0646475,-1.84769,,,14,676,,
1,32386383,CID-5951923,CALU,All,pancan,0.429334,0.790332,,,14,679,,
2,32405839,BRD-K24690302,CALU,All,pancan,0.716286,-0.363427,,,14,688,,
3,32428530,BX795,CALU,All,pancan,0.292728,1.05216,,,13,950,,
4,32443930,ML239,CALU,All,pancan,0.822861,0.223866,,,13,684,,
5,32459790,Fulvestrant,CALU,All,pancan,0.126652,1.52744,,,14,989,,
6,32476015,Wnt-C59,CALU,All,pancan,0.720157,0.358249,,,12,937,,
7,32491544,manumycin A,CALU,All,pancan,0.892505,0.135136,,,13,704,,
8,32507278,BPTES,CALU,All,pancan,0.470313,0.721969,,,12,916,,
9,32534154,Alpelisib,CALU,All,pancan,0.107062,-1.61154,,,13,949,,
10,32569646,GSK429286A,CALU,All,pancan,0.138728,1.48054,,,12,904,,
11,32601421,FTI-277,CALU,All,pancan,0.0173466,2.37928,,,12,869,,
12,32616447,BRD-A02303741,CALU,All,pancan,0.060607,1.87635,,,12,640,,
13,32631483,nakiterpiosin,CALU,All,pancan,0.548279,0.600342,,,13,710,,
14,32653063,apicidin,CALU,All,pancan,0.419026,-0.808112,,,13,704,,
15,32668700,ICL1100013,CALU,All,pancan,0.00339498,2.92951,,,11,903,,
16,32693790,Tivozanib,CALU,All,pancan,0.306215,1.0232,,,16,1102,,
17,32710041,CPI-613,CALU,All,pancan,0.958534,0.0519934,,,11,898,,
18,32726366,Oxaliplatin,CALU,All,pancan,0.397757,-0.845634,,,15,1018,,
19,32742533,CX-5461,CALU,All,pancan,0.143403,1.46324,,,12,897,,
20,32757988,valdecoxib,CALU,All,pancan,0.128967,-1.51819,,,12,697,,
21,32773107,FMK,CALU,All,pancan,0.210523,1.25213,,,12,773,,
22,32788022,PYR-41,CALU,All,pancan,0.906251,-0.117769,,,13,662,,
23,32802797,selumetinib:piperlongumine (8:1 mol/mol),CALU,All,pancan,0.156347,-1.41746,,,13,660,,
24,32832728,CAY10576,CALU,All,pancan,0.596179,0.529904,,,14,632,,
25,32848192,THZ-2-49,CALU,All,pancan,0.339986,0.954194,,,12,899,,
26,32864614,TPCA-1,CALU,All,pancan,0.588008,0.541724,,,16,1093,,
27,32897959,PD0325901,CALU,All,pancan,0.155516,-1.42031,,,14,1027,,
28,32929360,TWS119,CALU,All,pancan,0.66079,0.438822,,,11,908,,
29,32987444,nintedanib,CALU,All,pancan,0.857015,0.180175,,,12,654,,
30,33002931,KIN001-270,CALU,All,pancan,0.077224,1.76703,,,12,899,,
31,33034289,"MetAP2 Inhibitor, A832234",CALU,All,pancan,0.297865,-1.04102,,,11,898,,
32,33050244,SB52334,CALU,All,pancan,0.711404,0.369971,,,12,899,,
33,33065447,STF-31,CALU,All,pancan,0.90177,0.123426,,,12,666,,
34,33080418,ceranib-2,CALU,All,pancan,0.674429,-0.420078,,,14,700,,
35,33096439,Erlotinib,CALU,All,pancan,0.821938,0.225053,,,15,1079,,
36,33111985,spautin-1,CALU,All,pancan,0.0236053,-2.26349,,,13,683,,
37,33124765,tigecycline,CALU,All,pancan,0.598729,-0.526229,,,10,363,,
38,33139144,MG-132,CALU,All,pancan,0.910179,-0.112812,,,12,942,,
39,33154949,PF-562271,CALU,All,pancan,0.162771,1.39581,,,12,869,,
40,33170764,XMD13-2,CALU,All,pancan,0.0450209,2.00446,,,12,901,,
41,33215657,GDC-0879,CALU,All,pancan,0.652439,0.450376,,,11,677,,
42,33239841,CAY10603,CALU,All,pancan,0.68134,0.410636,,,12,897,,
43,33255071,BRD-K66532283,CALU,All,pancan,0.841591,-0.199859,,,12,659,,
44,33270576,Capivasertib,CALU,All,pancan,0.179602,-1.34198,,,12,922,,
45,33285791,chlorambucil,CALU,All,pancan,0.622095,-0.492884,,,14,665,,
46,33300682,NVP-BSK805,CALU,All,pancan,0.699088,0.386552,,,13,684,,
47,33340732,serdemetan:SCH-529074 (1:1 mol/mol),CALU,All,pancan,0.315358,-1.00404,,,13,671,,
48,33355612,navitoclax:sorafenib (1:1 mol/mol),CALU,All,pancan,0.437773,0.775959,,,12,683,,
49,33371628,MK-2206,CALU,All,pancan,0.148062,-1.44641,,,16,1101,,
50,33418408,Lenvatinib,CALU,All,pancan,0.659428,0.440703,,,14,690,,
51,33434439,Masitinib,CALU,All,pancan,0.883415,0.146641,,,16,1090,,
52,33451086,Methotrexate,CALU,All,pancan,0.569313,0.569063,,,16,1104,,
53,33470091,Zibotentan,CALU,All,pancan,0.176094,1.35288,,,12,899,,
54,33500255,bendamustine,CALU,All,pancan,0.918144,-0.102772,,,12,626,,
55,33514776,BRD-K71781559,CALU,All,pancan,0.406614,0.829867,,,13,657,,
56,33530016,Dacinostat,CALU,All,pancan,0.0145306,2.44387,,,12,861,,
57,33545111,GANT-61,CALU,All,pancan,0.863418,0.172024,,,13,680,,
58,33560189,UNC0321,CALU,All,pancan,0.664302,-0.433982,,,13,707,,
59,33575267,Platin,CALU,All,pancan,0.874378,-0.1581,,,13,701,,
60,33590874,KIN001-266,CALU,All,pancan,0.966525,0.0419668,,,12,899,,
61,33610551,hyperforin,CALU,All,pancan,0.870572,0.162932,,,14,646,,
62,33626018,CP724714,CALU,All,pancan,0.0992445,1.64853,,,12,901,,
63,33642438,ZSTK474,CALU,All,pancan,0.145436,1.45584,,,16,1095,,
64,33658040,BRD-A71883111,CALU,All,pancan,0.41935,0.80755,,,14,685,,
65,33683377,Alisertib,CALU,All,pancan,0.171796,1.36645,,,15,1111,,
66,33699177,"1S,3R-RSL-3",CALU,All,pancan,0.230933,1.19796,,,14,719,,
67,33714899,FR-180204,CALU,All,pancan,0.901559,0.123692,,,12,899,,
68,33750626,CD532,CALU,All,pancan,0.371554,0.893567,,,11,911,,
69,33786888,epigallocatechin-3-monogallate,CALU,All,pancan,0.477815,0.709822,,,14,616,,
70,33802011,KU 0060648,CALU,All,pancan,0.119772,-1.55573,,,14,690,,
71,33817039,tosedostat,CALU,All,pancan,0.516496,-0.648756,,,12,681,,
72,33831792,BRD-K51490254,CALU,All,pancan,0.337093,0.959925,,,12,654,,
73,33855760,VU0155056,CALU,All,pancan,0.203245,1.27236,,,13,690,,
74,33871383,Tenovin-6,CALU,All,pancan,0.255516,1.13705,,,11,908,,
75,33887349,MPS-1-IN-1,CALU,All,pancan,0.17751,1.34846,,,12,899,,
76,33902847,dexamethasone,CALU,All,pancan,0.804178,0.247943,,,14,702,,
77,33918016,Pyridostatin,CALU,All,pancan,0.0382596,2.07206,,,11,734,,
78,33933150,pifithrin-alpha,CALU,All,pancan,0.250687,-1.14868,,,14,701,,
79,33948278,N9-isopropylolomoucine,CALU,All,pancan,0.48876,-0.692283,,,12,684,,
80,33963329,KW-2449,CALU,All,pancan,0.885842,-0.143567,,,14,689,,
81,33978949,YM201636,CALU,All,pancan,0.0885736,1.70297,,,12,899,,
82,33995014,AZD1208,CALU,All,pancan,0.883833,0.146113,,,12,938,,
83,34019215,AZD-7545,CALU,All,pancan,0.659303,-0.440876,,,13,710,,
84,34035316,Dasatinib,CALU,All,pancan,0.42652,0.795161,,,15,1064,,
85,34051259,Mitomycin-C,CALU,All,pancan,0.00858088,2.62832,,,12,861,,
86,34095282,Teniposide,CALU,All,pancan,0.873765,-0.158878,,,12,881,,
87,34111344,AZD4877,CALU,All,pancan,0.00870643,2.62337,,,12,916,,
88,34142379,GW-405833,CALU,All,pancan,0.18115,-1.33722,,,13,709,,
89,34167989,navitoclax:pluripotin (1:1 mol/mol),CALU,All,pancan,0.885127,0.144474,,,13,678,,
90,34183340,JQ12,CALU,All,pancan,0.0891973,1.69965,,,12,869,,
91,34198660,ASN 05257430,CALU,All,pancan,0.919013,-0.101677,,,13,697,,
92,34214344,WZ3105,CALU,All,pancan,0.00214813,3.06895,,,12,901,,
93,34229571,navitoclax:PLX-4032 (1:1 mol/mol),CALU,All,pancan,0.277272,1.08647,,,12,682,,
94,34245132,Voxtalisib,CALU,All,pancan,0.533411,-0.622808,,,11,908,,
95,34260665,cytochalasin B,CALU,All,pancan,0.237447,1.18139,,,14,719,,
96,34315867,Regorafenib,CALU,All,pancan,0.563799,0.577208,,,12,664,,
97,34330710,BRD-K13999467,CALU,All,pancan,0.367752,0.900693,,,12,683,,
98,34346319,TGX221,CALU,All,pancan,0.443461,-0.766363,,,14,901,,
99,34362367,AKT inhibitor VIII,CALU,All,pancan,0.415581,0.814112,,,12,916,,
100,34378360,Trichostatin A,CALU,All,pancan,0.961296,-0.0485271,,,11,898,,
101,34403386,Veliparib,CALU,All,pancan,0.0130673,2.48193,,,16,1113,,
102,34419181,pifithrin-mu,CALU,All,pancan,0.660273,-0.439536,,,13,710,,
103,34434276,BRD-K41597374,CALU,All,pancan,0.728763,0.346771,,,13,694,,
104,34450222,Pazopanib,CALU,All,pancan,0.682209,-0.409451,,,16,1066,,
105,34466629,QS11,CALU,All,pancan,0.00399705,2.87839,,,15,946,,
106,34501840,selumetinib:PLX-4032 (8:1 mol/mol),CALU,All,pancan,0.159792,-1.40577,,,13,684,,
107,34517178,BAY-61-3606,CALU,All,pancan,0.0228029,2.27672,,,12,861,,
108,34532338,elocalcitol,CALU,All,pancan,0.551578,-0.595398,,,13,674,,
109,34547956,Pilaralisib,CALU,All,pancan,0.995441,0.00571383,,,11,908,,
110,34563341,semagacestat,CALU,All,pancan,0.951862,-0.0603687,,,14,698,,
111,34577991,tanespimycin:bortezomib (250:1 mol/mol),CALU,All,pancan,0.715616,-0.364324,,,13,651,,
112,34593375,GW-2580,CALU,All,pancan,0.785481,-0.272183,,,12,901,,
113,34608297,BRD-K02492147,CALU,All,pancan,0.350738,-0.93316,,,11,599,,
114,34623685,MCT4_1422,CALU,All,pancan,0.208186,1.25857,,,12,916,,
115,34665938,BRD-K71935468,CALU,All,pancan,0.375126,-0.886913,,,13,656,,
116,34679621,cyanoquinoline 11,CALU,All,pancan,0.523253,-0.63834,,,10,439,,
117,34720821,IAP_5620,CALU,All,pancan,0.0922841,1.68347,,,12,938,,
118,34736585,Tipifarnib,CALU,All,pancan,0.0172365,2.38162,,,12,861,,
119,34751718,selumetinib:MK-2206 (8:1 mol/mol),CALU,All,pancan,0.121535,-1.54836,,,12,682,,
120,34782533,rTRAIL,CALU,All,pancan,0.781399,-0.277496,,,11,903,,
121,34797395,salermide:PLX-4032 (12:1 mol/mol),CALU,All,pancan,0.934569,-0.0820973,,,10,635,,
122,34812829,Cisplatin,CALU,All,pancan,0.617252,0.499749,,,12,946,,
123,34838238,GSK269962A,CALU,All,pancan,0.614659,0.503435,,,12,943,,
124,34854740,BMS-536924,CALU,All,pancan,0.836223,0.206727,,,16,1131,,
125,34870742,OSU-03012,CALU,All,pancan,0.00242185,3.03294,,,12,861,,
126,34898314,decitabine:carboplatin (1:1 mol/mol),CALU,All,pancan,0.630102,0.481583,,,12,685,,
127,34913494,VER-155008,CALU,All,pancan,0.828307,-0.216873,,,13,724,,
128,34929230,AZ20,CALU,All,pancan,0.585028,-0.546055,,,12,922,,
129,34948136,NSC-87877,CALU,All,pancan,0.398607,-0.844112,,,12,869,,
130,34983591,VX-11e,CALU,All,pancan,0.104151,-1.62506,,,13,931,,
131,34998946,IPR-456,CALU,All,pancan,0.442414,-0.768123,,,14,688,,
132,35013863,prochlorperazine,CALU,All,pancan,0.281442,-1.07708,,,12,675,,
133,35044981,BIBR-1532,CALU,All,pancan,0.3284,0.977341,,,15,1001,,
134,35059923,WZ8040,CALU,All,pancan,0.088476,-1.70349,,,10,599,,
135,35096170,SJ-172550,CALU,All,pancan,0.649243,-0.454814,,,14,705,,
136,35120828,IGFR_3801,CALU,All,pancan,0.0128512,2.48787,,,12,916,,
137,35136268,gossypol,CALU,All,pancan,0.349102,-0.936333,,,12,692,,
138,35151263,birinapant,CALU,All,pancan,0.0205159,2.31678,,,13,686,,
139,35167103,XAV939,CALU,All,pancan,0.459863,0.739072,,,13,968,,
140,35183264,TANK_1366,CALU,All,pancan,0.00758546,2.66999,,,12,916,,
141,35200806,Docetaxel,CALU,All,pancan,0.214082,1.24242,,,13,1025,,
142,35217023,NVP-TAE684,CALU,All,pancan,0.591751,0.5363,,,15,946,,
143,35232325,SB-525334,CALU,All,pancan,0.18502,-1.32546,,,13,686,,
144,35247303,BRD55319,CALU,All,pancan,0.626182,0.487107,,,12,671,,
145,35262477,FQI-2,CALU,All,pancan,0.879458,-0.151657,,,14,719,,
146,35284817,LGK974,CALU,All,pancan,0.862039,0.17378,,,12,943,,
147,35303344,Vincristine,CALU,All,pancan,0.232379,1.19425,,,14,998,,
148,35318960,leptomycin B,CALU,All,pancan,0.0190258,-2.34503,,,14,717,,
149,35334372,Bryostatin 1,CALU,All,pancan,0.889067,-0.139485,,,12,861,,
150,35350211,PI3Ka_4409,CALU,All,pancan,0.787218,0.269925,,,12,916,,
151,35365710,CD-437,CALU,All,pancan,0.0585695,-1.89141,,,14,716,,
152,35380795,SID 26681509,CALU,All,pancan,0.884454,0.145325,,,12,661,,
153,35395714,BRD9876,CALU,All,pancan,0.696176,0.390487,,,14,673,,
154,35410659,lomeguatrib,CALU,All,pancan,0.836071,-0.206921,,,14,695,,
155,35425528,ISOX:bortezomib (250:1 mol/mol),CALU,All,pancan,0.703322,-0.380841,,,13,654,,
156,35440110,BRD-K14844214,CALU,All,pancan,0.426497,-0.795201,,,12,655,,
157,35455994,Linsitinib,CALU,All,pancan,0.527268,-0.632182,,,16,1108,,
158,35492034,BRD-K07442505,CALU,All,pancan,0.64225,0.464556,,,13,690,,
159,35507004,BRD-K33199242,CALU,All,pancan,0.212866,1.24572,,,14,680,,
160,35521979,Decitabine,CALU,All,pancan,0.428745,0.791341,,,13,696,,
161,35543800,erlotinib:PLX-4032 (2:1 mol/mol),CALU,All,pancan,0.866526,-0.168073,,,11,631,,
162,35558971,Midostaurin,CALU,All,pancan,0.0181137,2.36329,,,12,869,,
163,35574826,WYE-125132,CALU,All,pancan,0.591198,0.5371,,,11,908,,
164,35591260,Idelalisib,CALU,All,pancan,0.821497,0.22562,,,16,1097,,
165,35607521,RAF_9304,CALU,All,pancan,0.0288581,2.18542,,,12,916,,
166,35627106,Tanespimycin,CALU,All,pancan,0.766669,0.296734,,,16,1121,,
167,35642610,RAF265,CALU,All,pancan,0.602472,-0.520849,,,14,668,,
168,35657255,alisertib:navitoclax (2:1 mol/mol),CALU,All,pancan,0.78795,0.268974,,,12,633,,
169,35672765,Ibrutinib,CALU,All,pancan,0.101776,-1.63631,,,12,898,,
170,35687841,BRD-K26531177,CALU,All,pancan,0.741874,-0.329373,,,11,633,,
171,35703274,KIN001-260,CALU,All,pancan,0.195165,1.29545,,,12,899,,
172,35718617,KU-0063794,CALU,All,pancan,0.94618,0.0675047,,,14,692,,
173,35734237,Venotoclax,CALU,All,pancan,0.058629,1.89097,,,11,896,,
174,35749594,purmorphamine,CALU,All,pancan,0.42427,0.799034,,,14,675,,
175,35773865,KIN001-236,CALU,All,pancan,0.121271,1.54946,,,12,899,,
176,35798902,Entinostat,CALU,All,pancan,0.120653,-1.55204,,,15,1055,,
177,35815561,Foretinib,CALU,All,pancan,0.0303038,2.1661,,,16,1107,,
178,35844110,AT-7519,CALU,All,pancan,0.0239358,2.25816,,,12,904,,
179,35859257,AZ-3146,CALU,All,pancan,0.98692,0.0163938,,,13,667,,
180,35875172,Axitinib,CALU,All,pancan,0.0596333,1.88349,,,16,1107,,
181,35900095,AZD3514,CALU,All,pancan,0.610185,0.50981,,,11,918,,
182,35916098,MCT1_6447,CALU,All,pancan,0.0579624,1.89598,,,12,916,,
183,35963590,AST-1306,CALU,All,pancan,0.986324,-0.0171415,,,11,908,,
184,35991554,NSC23766,CALU,All,pancan,0.419044,0.80808,,,13,707,,
185,36007070,Sapitinib,CALU,All,pancan,0.050045,-1.95958,,,11,789,,
186,36022895,GSK1070916,CALU,All,pancan,0.291201,1.05549,,,12,904,,
187,36047545,BAM7,CALU,All,pancan,0.164893,1.3888,,,11,898,,
188,36062867,BRD-K17060750,CALU,All,pancan,0.481374,0.704095,,,13,691,,
189,36080900,JW-480,CALU,All,pancan,0.730054,0.345053,,,13,678,,
190,36096525,Mirin,CALU,All,pancan,0.454628,0.747722,,,12,919,,
191,36112620,GSK1904529A,CALU,All,pancan,0.370696,-0.89517,,,13,930,,
192,36129018,Sorafenib,CALU,All,pancan,0.0853515,1.72045,,,15,1083,,
193,36159696,canertinib,CALU,All,pancan,0.304474,-1.02689,,,13,662,,
194,36186046,TL-2-105,CALU,All,pancan,0.535616,0.619456,,,12,904,,
195,36201243,GSK-3 inhibitor IX,CALU,All,pancan,0.593322,0.534028,,,13,665,,
196,36217229,JQ1,CALU,All,pancan,0.393903,0.85256,,,16,1115,,
197,36268005,KU-60019,CALU,All,pancan,0.0902866,-1.69389,,,16,1102,,
198,36284223,A-83-01,CALU,All,pancan,0.280486,-1.07923,,,11,896,,
199,36314864,PDMP,CALU,All,pancan,0.0289437,-2.18425,,,13,679,,
200,36330421,SB590885,CALU,All,pancan,0.619598,0.49642,,,12,898,,
201,36345620,vandetanib,CALU,All,pancan,0.800502,0.252697,,,14,674,,
202,36372213,BRD-K29313308,CALU,All,pancan,0.420185,-0.8061,,,13,673,,
203,36387170,BRD8899,CALU,All,pancan,0.135183,1.49397,,,12,691,,
204,36403062,Palbociclib,CALU,All,pancan,0.723369,0.35396,,,14,1010,,
205,36428437,Saracatinib,CALU,All,pancan,0.976214,-0.0298153,,,15,952,,
206,36448299,SNX-2112:bortezomib (250:1 mol/mol),CALU,All,pancan,0.378683,-0.880325,,,12,691,,
207,36472428,Carboplatin,CALU,All,pancan,0.471133,-0.720637,,,14,694,,
208,36487419,B02,CALU,All,pancan,0.620489,0.495157,,,14,675,,
209,36502526,AZD3759,CALU,All,pancan,0.0643914,-1.84946,,,11,744,,
210,36518229,IAP_7638,CALU,All,pancan,0.00605834,2.74461,,,11,918,,
211,36534263,Refametinib,CALU,All,pancan,0.0576998,-1.89797,,,12,934,,
212,36556715,I-BRD9,CALU,All,pancan,0.901413,-0.123876,,,11,736,,
213,36572154,Ponatinib,CALU,All,pancan,0.0127716,2.49007,,,12,869,,
214,36587050,navitoclax:piperlongumine (1:1 mol/mol),CALU,All,pancan,0.860543,-0.175683,,,10,643,,
215,36605247,CCT036477,CALU,All,pancan,0.641073,-0.466199,,,13,703,,
216,36621006,Imatinib,CALU,All,pancan,0.879353,0.151789,,,13,895,,
217,36637508,Doxorubicin,CALU,All,pancan,0.00823886,2.64212,,,16,1124,,
218,36653753,Enzastaurin,CALU,All,pancan,0.670799,0.425052,,,12,904,,
219,36669749,"eEF2K Inhibitor, A-484954",CALU,All,pancan,0.124568,1.53588,,,11,908,,
220,36684825,UNC0638:navitoclax (1:1 mol/mol),CALU,All,pancan,0.101464,1.6378,,,11,641,,
221,36699797,erastin,CALU,All,pancan,0.762384,0.302352,,,14,706,,
222,36715519,THZ-2-102-1,CALU,All,pancan,0.0229032,2.27504,,,12,899,,
223,36732122,Temsirolimus,CALU,All,pancan,0.0178796,2.3681,,,15,1029,,
224,36747635,tandutinib,CALU,All,pancan,0.14893,1.44332,,,13,681,,
225,36771200,PF-184,CALU,All,pancan,0.376015,-0.885263,,,14,665,,
226,36786170,ML311,CALU,All,pancan,0.691306,-0.397083,,,14,699,,
227,36801830,KIN001-042,CALU,All,pancan,0.810345,-0.239981,,,11,908,,
228,36825845,BRD-K28456706,CALU,All,pancan,0.846529,-0.193549,,,14,667,,
229,36853487,Bleomycin (50 uM),CALU,All,pancan,0.404149,0.834234,,,11,918,,
230,36881040,AZD8835,CALU,All,pancan,0.81655,0.231984,,,12,916,,
231,36896148,selumetinib:vorinostat (8:1 mol/mol),CALU,All,pancan,0.0219959,-2.29044,,,13,617,,
232,36910644,BRD-K16147474,CALU,All,pancan,0.934695,-0.0819388,,,11,625,,
233,36934049,SR1001,CALU,All,pancan,0.317891,-0.998802,,,13,676,,
234,36949643,AZD7969,CALU,All,pancan,0.0435415,2.01848,,,12,916,,
235,36964970,niclosamide,CALU,All,pancan,0.245623,-1.16105,,,13,684,,
236,36984265,navitoclax:MST-312 (1:1 mol/mol),CALU,All,pancan,0.573344,0.563133,,,12,663,,
237,37008473,(5Z)-7-Oxozeaenol,CALU,All,pancan,0.0743743,1.7843,,,10,897,,
238,37023967,AGK-2,CALU,All,pancan,0.507286,-0.663069,,,13,711,,
239,37038903,compound 1B,CALU,All,pancan,0.258958,1.12886,,,13,662,,
240,37053792,navitoclax:birinapant (1:1 mol/mol),CALU,All,pancan,0.0872023,1.71034,,,14,680,,
241,37069699,ABT737,CALU,All,pancan,0.10446,1.62361,,,14,987,,
242,37086323,Temozolomide,CALU,All,pancan,0.0193318,2.33907,,,16,1113,,
243,37102956,Paclitaxel,CALU,All,pancan,0.0311295,2.15541,,,15,1078,,
244,37120153,SNX-2112,CALU,All,pancan,0.793837,0.261332,,,16,1105,,
245,37168508,GSK2578215A,CALU,All,pancan,0.805416,0.246344,,,11,736,,
246,37183685,BRD1812,CALU,All,pancan,0.721481,0.356481,,,11,706,,
247,37209042,lovastatin acid,CALU,All,pancan,0.119307,1.55769,,,14,723,,
248,37224781,QL-X-138,CALU,All,pancan,0.00468953,2.82762,,,12,901,,
249,37241262,BI-2536,CALU,All,pancan,0.69428,0.393054,,,14,930,,
250,37276592,BRD9647,CALU,All,pancan,0.0373007,-2.08246,,,13,692,,
251,37291723,brefeldin A,CALU,All,pancan,0.43731,-0.776743,,,13,682,,
252,37306964,oligomycin A,CALU,All,pancan,0.205689,-1.26551,,,13,723,,
253,37322129,LBH-589,CALU,All,pancan,0.328071,-0.978007,,,14,694,,
254,37349970,Gefitinib,CALU,All,pancan,0.474,-0.715986,,,16,1114,,
255,37366180,UNC0642,CALU,All,pancan,0.77191,0.289878,,,11,893,,
256,37382573,Sepantronium bromide,CALU,All,pancan,0.269496,1.10422,,,16,1106,,
257,37399238,Tamoxifen,CALU,All,pancan,0.759268,-0.306443,,,16,1105,,
258,37440364,Savolitinib,CALU,All,pancan,0.136031,-1.49074,,,11,736,,
259,37455803,DMOG,CALU,All,pancan,0.00412874,2.86815,,,12,869,,
260,37472106,Gemcitabine,CALU,All,pancan,0.193984,1.29888,,,16,1121,,
261,37487633,selumetinib:JQ-1 (4:1 mol/mol),CALU,All,pancan,0.126033,-1.52993,,,13,670,,
262,37503114,Venetoclax,CALU,All,pancan,0.546571,0.602906,,,13,891,,
263,37545871,BRD-K64610608,CALU,All,pancan,0.0244698,2.24967,,,14,651,,
264,37561361,Amuvatinib,CALU,All,pancan,0.606823,-0.514614,,,12,901,,
265,37577767,Bortezomib,CALU,All,pancan,0.151546,1.43409,,,15,1076,,
266,37594046,Vinblastine,CALU,All,pancan,0.0426214,2.0274,,,12,944,,
267,37610037,Sunitinib,CALU,All,pancan,0.892977,-0.134539,,,14,894,,
268,37625501,ciclosporin,CALU,All,pancan,0.306715,-1.02214,,,12,695,,
269,37640922,FH535,CALU,All,pancan,0.0402886,2.05078,,,12,861,,
270,37656842,Bicalutamide,CALU,All,pancan,0.591102,0.53724,,,13,948,,
271,37672352,Compound 23 citrate,CALU,All,pancan,0.385908,-0.867062,,,13,695,,
272,37688025,WHI-P97,CALU,All,pancan,0.853674,0.184433,,,12,899,,
273,37703737,IPA-3,CALU,All,pancan,0.0411956,2.04156,,,12,861,,
274,37722266,BRD8958,CALU,All,pancan,0.314435,1.00596,,,11,685,,
275,37739513,CD-1530,CALU,All,pancan,0.707273,-0.375521,,,14,673,,
276,37755139,JW-7-24-1,CALU,All,pancan,0.063497,1.8557,,,12,901,,
277,37770525,clofarabine,CALU,All,pancan,0.476998,-0.711139,,,13,703,,
278,37786433,Vismodegib,CALU,All,pancan,0.104629,1.62282,,,13,969,,
279,37802691,Avagacestat,CALU,All,pancan,0.786268,-0.27116,,,13,955,,
280,37817997,selumetinib:navitoclax (8:1 mol/mol),CALU,All,pancan,0.0988113,-1.65064,,,13,656,,
281,37833536,VX-702,CALU,All,pancan,0.991489,0.0106669,,,12,931,,
282,37848943,MK-8776,CALU,All,pancan,0.648454,-0.45591,,,11,734,,
283,37870741,LY-2183240,CALU,All,pancan,0.520467,0.642625,,,14,710,,
284,37885839,MGCD-265,CALU,All,pancan,0.168445,1.37722,,,13,691,,
285,37925923,PLK_6522,CALU,All,pancan,0.00236009,3.04073,,,12,916,,
286,37941380,SKI-II,CALU,All,pancan,0.253758,-1.14127,,,14,691,,
287,37957060,RO-3306,CALU,All,pancan,0.521469,-0.641082,,,12,931,,
288,37972377,StemRegenin 1,CALU,All,pancan,0.797818,-0.256172,,,13,685,,
289,37988310,Tubastatin A,CALU,All,pancan,0.391986,0.856021,,,15,1016,,
290,38003875,sirolimus:bortezomib (250:1 mol/mol),CALU,All,pancan,0.731444,0.343205,,,14,702,,
291,38018891,docetaxel:tanespimycin (2:1 mol/mol),CALU,All,pancan,0.473845,0.716237,,,12,700,,
292,38033846,BRD-K63431240,CALU,All,pancan,0.642153,0.464691,,,13,696,,
293,38055809,Shikonin,CALU,All,pancan,0.00757276,2.67055,,,12,869,,
294,38071001,necrostatin-7,CALU,All,pancan,0.861497,-0.174469,,,14,693,,
295,38086624,FEN1_3940,CALU,All,pancan,0.00751231,2.67324,,,12,916,,
296,38101821,brivanib,CALU,All,pancan,0.691844,0.396353,,,11,666,,
297,38127447,BRD-K11533227,CALU,All,pancan,0.950278,-0.0623571,,,12,635,,
298,38145245,cucurbitacin I,CALU,All,pancan,0.673246,-0.421697,,,12,667,,
299,38160251,BPD-00008900,CALU,All,pancan,0.205186,1.26691,,,11,736,,
300,38175524,SB-225002,CALU,All,pancan,0.365515,0.904905,,,13,732,,
301,38190781,BDP-00009066,CALU,All,pancan,0.730183,0.344882,,,11,736,,
302,38218130,navitoclax:gemcitabine (1:1 mol/mol),CALU,All,pancan,0.451074,-0.753625,,,13,677,,
303,38232974,vorinostat:carboplatin (1:1 mol/mol),CALU,All,pancan,0.221695,-1.22203,,,12,676,,
304,38251119,AZ6102,CALU,All,pancan,0.927631,-0.0908261,,,11,730,,
305,38279468,PHA-793887,CALU,All,pancan,0.440422,0.77148,,,16,1095,,
306,38295744,Rucaparib,CALU,All,pancan,0.711188,0.37026,,,12,928,,
307,38321185,Dactolisib,CALU,All,pancan,0.893798,-0.1335,,,15,1064,,
308,38337645,Panobinostat,CALU,All,pancan,0.700267,0.384959,,,14,993,,
309,38392855,YK-4-279,CALU,All,pancan,0.202104,1.27558,,,16,1088,,
310,38418118,Apitolisib,CALU,All,pancan,0.85851,0.178272,,,11,908,,
311,38459404,BRD-K04800985,CALU,All,pancan,0.380213,0.877505,,,14,672,,
312,38474987,LIMK1 inhibitor BMS4,CALU,All,pancan,0.321236,0.991921,,,11,908,,
313,38490958,QL-XII-47,CALU,All,pancan,0.184582,1.32678,,,12,904,,
314,38507027,AZD8186,CALU,All,pancan,0.900574,0.124937,,,12,938,,
315,38522638,SR-II-138A,CALU,All,pancan,0.945878,-0.0678844,,,14,729,,
316,38538646,Dabrafenib,CALU,All,pancan,0.870928,0.16248,,,13,1016,,
317,38584323,MI-1,CALU,All,pancan,0.746264,0.32357,,,12,624,,
318,38600180,Daporinad,CALU,All,pancan,0.525934,0.634225,,,15,1073,,
319,38615645,carboplatin:etoposide (40:17 mol/mol),CALU,All,pancan,0.458776,0.740864,,,13,681,,
320,38631168,BX-912,CALU,All,pancan,0.0728825,1.79357,,,12,904,,
321,38647579,Piperlongumine,CALU,All,pancan,0.489691,0.6908,,,15,1101,,
322,38663847,JAK1_3715,CALU,All,pancan,0.0513185,1.94881,,,11,918,,
323,38679025,Compound 7d-cis,CALU,All,pancan,0.994693,0.00665186,,,13,643,,
324,38694572,JAK3_7406,CALU,All,pancan,0.186354,1.32144,,,12,916,,
325,38710563,Elesclomol,CALU,All,pancan,0.3674,0.901355,,,12,931,,
326,38725849,importazole,CALU,All,pancan,0.464492,0.731469,,,13,657,,
327,38747736,Ara-G,CALU,All,pancan,0.620943,-0.494515,,,11,898,,
328,38791727,etomoxir,CALU,All,pancan,0.779761,-0.27963,,,13,718,,
329,38807038,ML050,CALU,All,pancan,0.61539,0.502395,,,13,714,,
330,38822286,HLI 373,CALU,All,pancan,0.612006,-0.507212,,,13,692,,
331,38847444,Navitoclax,CALU,All,pancan,0.846184,0.193989,,,16,1121,,
332,38863682,QL-XI-92,CALU,All,pancan,0.0596673,1.88324,,,12,901,,
333,38888038,KHS101,CALU,All,pancan,0.242364,-1.1691,,,13,655,,
334,38904041,Ruxolitinib,CALU,All,pancan,0.439524,0.772997,,,16,1113,,
335,38919519,JQ-1:vorinostat (2:1 mol/mol),CALU,All,pancan,0.867685,-0.1666,,,13,662,,
336,38935359,Telomerase Inhibitor IX,CALU,All,pancan,0.884044,0.145845,,,15,1007,,
337,38951555,PFI-1,CALU,All,pancan,0.0214784,2.29947,,,11,912,,
338,38967046,curcumin,CALU,All,pancan,0.855239,-0.182438,,,14,703,,
339,38982793,"Brivanib, BMS-540215",CALU,All,pancan,0.496539,-0.679946,,,11,908,,
340,38997968,BRD-K55116708,CALU,All,pancan,0.373464,-0.890003,,,13,651,,
341,39013488,CI-1033,CALU,All,pancan,0.423086,-0.801079,,,11,908,,
342,39028792,BRD-K35604418,CALU,All,pancan,0.721364,-0.356636,,,13,680,,
343,39043804,GSK591,CALU,All,pancan,0.0285415,2.18976,,,11,730,,
344,39059433,XMD15-27,CALU,All,pancan,0.0202425,2.32182,,,12,901,,
345,39086806,myricetin,CALU,All,pancan,0.409386,0.824975,,,13,672,,
346,39101579,rigosertib,CALU,All,pancan,0.61214,0.50702,,,13,661,,
347,39116584,CAY10594,CALU,All,pancan,0.375566,-0.886096,,,12,700,,
348,39131656,PF-573228,CALU,All,pancan,0.609989,-0.510089,,,13,689,,
349,39146556,bleomycin A2,CALU,All,pancan,0.812602,-0.237071,,,12,660,,
350,39161676,NSC632839,CALU,All,pancan,0.196881,-1.29049,,,14,720,,
351,39177421,UNC1215,CALU,All,pancan,0.260981,1.12407,,,11,893,,
352,39193106,Thapsigargin,CALU,All,pancan,0.0029051,2.97761,,,12,861,,
353,39221101,NVP-BHG712,CALU,All,pancan,0.391441,0.857007,,,12,899,,
354,39236551,GDC0810,CALU,All,pancan,0.695549,0.391336,,,11,736,,
355,39260651,ouabain,CALU,All,pancan,0.182875,1.33196,,,14,705,,
356,39276336,IMD-0354,CALU,All,pancan,0.0879801,1.70615,,,11,908,,
357,39292351,ETP-45835,CALU,All,pancan,0.940528,-0.0746063,,,11,911,,
358,39307877,ML162,CALU,All,pancan,0.546061,0.603674,,,13,714,,
359,39324075,PI-103,CALU,All,pancan,0.0177684,2.37041,,,16,1100,,
360,39386689,PLX-4032,CALU,All,pancan,0.423805,0.799837,,,14,672,,
361,39402287,C-75,CALU,All,pancan,0.217643,1.23282,,,11,898,,
362,39418728,CHIR-99021,CALU,All,pancan,0.228382,1.20454,,,16,1116,,
363,39435382,OSI-930,CALU,All,pancan,0.849711,0.189487,,,16,1061,,
364,39451599,PARP_0108,CALU,All,pancan,0.20108,1.27848,,,11,918,,
365,39467559,Pelitinib,CALU,All,pancan,0.285613,1.0678,,,12,901,,
366,39491517,Nelarabine,CALU,All,pancan,0.338642,0.956852,,,14,963,,
367,39508078,BMS-754807,CALU,All,pancan,0.446214,0.761742,,,16,1075,,
368,39523828,RITA,CALU,All,pancan,0.0937658,-1.67586,,,12,706,,
369,39539626,AZD5438,CALU,All,pancan,0.986455,0.0169765,,,12,936,,
370,39555421,EPZ004777,CALU,All,pancan,0.760846,-0.30437,,,11,785,,
371,39597393,Ko-143,CALU,All,pancan,0.267435,-1.10899,,,14,713,,
372,39613080,Ch-55,CALU,All,pancan,0.95641,-0.0546592,,,14,687,,
373,39628068,Compound 1541A,CALU,All,pancan,0.513391,0.653567,,,12,679,,
374,39667265,BMS-195614,CALU,All,pancan,0.170637,1.37016,,,14,675,,
375,39691774,Trametinib,CALU,All,pancan,0.0155503,-2.4193,,,13,1019,,
376,39707424,ML006,CALU,All,pancan,0.0402206,-2.05148,,,14,711,,
377,39722619,isoevodiamine,CALU,All,pancan,0.92944,-0.088549,,,12,705,,
378,39736138,darinaparsin,CALU,All,pancan,0.255448,1.13722,,,10,402,,
379,39750825,Wee1 Inhibitor,CALU,All,pancan,0.511948,-0.655808,,,12,913,,
380,39766224,tacrolimus,CALU,All,pancan,0.979232,0.0260315,,,12,685,,
381,39781390,AM-580,CALU,All,pancan,0.669633,-0.426651,,,13,699,,
382,39797086,JNK Inhibitor VIII,CALU,All,pancan,0.432046,0.785695,,,12,929,,
383,39812421,NSC95397,CALU,All,pancan,0.260527,-1.12515,,,12,661,,
384,39851471,SN-38,CALU,All,pancan,0.38911,0.861233,,,15,1096,,
385,39868187,Selumetinib,CALU,All,pancan,0.158668,-1.40957,,,16,1130,,
386,39909765,BRD-K88742110,CALU,All,pancan,0.653707,0.448618,,,13,673,,
387,39925332,NSC-207895,CALU,All,pancan,0.222147,1.22084,,,12,897,,
388,39940599,T-5345967,CALU,All,pancan,0.697635,0.388514,,,13,636,,
389,39961028,Topotecan,CALU,All,pancan,0.705619,0.377747,,,15,1009,,
390,39984967,CI-1040,CALU,All,pancan,0.520532,-0.642525,,,12,918,,
391,39999882,BRD-K09587429,CALU,All,pancan,0.464474,0.7315,,,10,616,,
392,40015243,Phenformin,CALU,All,pancan,0.171991,-1.36584,,,12,897,,
393,40030689,Epirubicin,CALU,All,pancan,0.199703,1.2824,,,11,736,,
394,40046341,TL-1-85,CALU,All,pancan,0.0561987,1.90949,,,12,899,,
395,40062423,5-Fluorouracil,CALU,All,pancan,0.63418,-0.475851,,,13,944,,
396,40077745,BRD-K37390332,CALU,All,pancan,0.459707,0.739329,,,12,659,,
397,40093291,CAY10566,CALU,All,pancan,0.516119,0.649339,,,11,898,,
398,40130631,SU11274,CALU,All,pancan,0.490718,0.689167,,,15,1090,,
399,40146594,Embelin,CALU,All,pancan,0.0493595,1.96547,,,12,861,,
400,40161816,mitomycin,CALU,All,pancan,0.454553,-0.747846,,,14,692,,
401,40179837,Ki8751,CALU,All,pancan,0.642166,0.464673,,,14,660,,
402,40198647,AZD6094,CALU,All,pancan,0.272866,1.09649,,,11,918,,
403,40214007,BRD6430,CALU,All,pancan,0.619863,0.496045,,,12,685,,
404,40238188,Dinaciclib,CALU,All,pancan,0.768383,-0.29449,,,11,847,,
405,40254092,STF-62247,CALU,All,pancan,0.81878,-0.229115,,,12,897,,
406,40270497,Crizotinib,CALU,All,pancan,0.386696,0.865625,,,15,1078,,
407,40290518,ML320,CALU,All,pancan,0.756189,0.31049,,,12,657,,
408,40309594,GSK1059615,CALU,All,pancan,0.641854,-0.465108,,,13,1030,,
409,40337474,BRD-K97651142,CALU,All,pancan,0.204737,-1.26817,,,13,662,,
410,40362134,Pevonedistat,CALU,All,pancan,0.72469,-0.352197,,,16,1071,,
411,40377761,C6-ceramide,CALU,All,pancan,0.372049,-0.892642,,,14,703,,
412,40407768,silmitasertib,CALU,All,pancan,0.579714,-0.553803,,,12,649,,
413,40442049,LE-135,CALU,All,pancan,0.116749,-1.56857,,,13,706,,
414,40457786,FTY-720,CALU,All,pancan,0.779778,0.279609,,,11,898,,
415,40473824,PRIMA-1MET,CALU,All,pancan,0.606013,0.515774,,,12,866,,
416,40491148,AS605240,CALU,All,pancan,0.279807,1.08075,,,12,904,,
417,40507550,AZD4547,CALU,All,pancan,0.647243,0.457596,,,16,1093,,
418,40523253,Osimertinib,CALU,All,pancan,0.220695,-1.22468,,,11,736,,
419,40538236,austocystin D,CALU,All,pancan,0.0182054,-2.36141,,,12,655,,
420,40553248,LJI308,CALU,All,pancan,0.893876,0.133401,,,11,730,,
421,40593559,fluorouracil,CALU,All,pancan,0.563539,-0.577593,,,13,690,,
422,40609179,NU7441,CALU,All,pancan,0.242293,1.16928,,,12,930,,
423,40624629,itraconazole,CALU,All,pancan,0.482694,-0.701977,,,13,689,,
424,40639696,Bax channel blocker,CALU,All,pancan,0.617325,-0.499646,,,12,654,,
425,40655301,Genentech Cpd 10,CALU,All,pancan,0.0233266,2.26804,,,12,904,,
426,40671752,Nutlin-3a,CALU,All,pancan,0.668454,-0.42827,,,16,1130,,
427,40687907,Cetuximab,CALU,All,pancan,0.90745,0.116255,,,11,861,,
428,40703775,SL0101,CALU,All,pancan,0.298489,1.03968,,,12,914,,
429,40718701,BRD-K52037352,CALU,All,pancan,0.17802,-1.34688,,,11,602,,
430,40733439,Dacarbazine,CALU,All,pancan,0.073994,-1.78665,,,13,687,,
431,40748506,indisulam,CALU,All,pancan,0.406752,-0.829624,,,12,683,,
432,40763453,BRD-K50799972,CALU,All,pancan,0.228198,-1.20501,,,12,679,,
433,40778456,pyrazolanthrone,CALU,All,pancan,0.623662,-0.490666,,,14,702,,
434,40793603,tamatinib,CALU,All,pancan,0.408717,0.826153,,,12,698,,
435,40818385,KU-55933,CALU,All,pancan,0.276716,-1.08773,,,16,1103,,
436,40841006,Camptothecin,CALU,All,pancan,0.545373,-0.604708,,,11,792,,
437,40856214,MK-0752,CALU,All,pancan,0.548176,0.600495,,,14,674,,
438,40871786,MIRA-1,CALU,All,pancan,0.36748,-0.901204,,,13,912,,
439,40915397,BRD1835,CALU,All,pancan,0.29036,1.05733,,,13,665,,
440,40931380,Bosutinib,CALU,All,pancan,0.98508,-0.0187002,,,16,1103,,
441,40947996,Lapatinib,CALU,All,pancan,0.837912,-0.204564,,,15,1072,,
442,40964178,VNLG-124,CALU,All,pancan,0.498163,-0.677383,,,12,897,,
443,40980605,AT7867,CALU,All,pancan,0.892179,-0.135547,,,15,1094,,
444,41004992,Buparlisib,CALU,All,pancan,0.540312,-0.612342,,,11,736,,
445,41020119,PX-12,CALU,All,pancan,0.469859,-0.722709,,,13,681,,
446,41062102,KIN001-244,CALU,All,pancan,0.591451,0.536734,,,12,899,,
447,41077298,BRD-K85133207,CALU,All,pancan,0.888262,-0.140504,,,13,670,,
448,41116700,XMD14-99,CALU,All,pancan,0.224191,1.21546,,,12,901,,
449,41132655,Y-39983,CALU,All,pancan,0.104492,1.62345,,,12,899,,
450,41148952,Alectinib,CALU,All,pancan,0.100152,1.64412,,,12,901,,
451,41165407,PLX-4720,CALU,All,pancan,0.49444,0.683263,,,16,1131,,
452,41181766,AGI-6780,CALU,All,pancan,0.152727,-1.42997,,,12,939,,
453,41197292,CAY10618,CALU,All,pancan,0.642716,-0.463905,,,14,709,,
454,41213004,RU-SKI 43,CALU,All,pancan,0.621759,-0.493359,,,11,898,,
455,41229453,Olaparib,CALU,All,pancan,0.158353,1.41063,,,16,1123,,
456,41245716,ARRY-520,CALU,All,pancan,0.238591,1.17852,,,11,898,,
457,41261063,PF-750,CALU,All,pancan,0.372875,-0.891102,,,12,659,,
458,41276009,decitabine:navitoclax (2:1 mol/mol),CALU,All,pancan,0.846515,0.193566,,,13,678,,
459,41289865,tipifarnib-P2,CALU,All,pancan,0.552607,-0.593858,,,10,452,,
460,41304837,PARP_9482,CALU,All,pancan,0.28136,1.07727,,,11,918,,
461,41320903,AZD1332,CALU,All,pancan,0.0353759,2.10403,,,12,936,,
462,41351691,AZD5363,CALU,All,pancan,0.101897,-1.63573,,,11,736,,
463,41367387,Dyrk1b_0191,CALU,All,pancan,0.0488732,1.9697,,,12,916,,
464,41382947,SCH-79797,CALU,All,pancan,0.810462,0.23983,,,14,726,,
465,41398444,Epothilone B,CALU,All,pancan,0.00216676,3.06637,,,12,861,,
466,41413182,SMER-3,CALU,All,pancan,0.454116,0.748571,,,11,594,,
467,41428582,ACY-1215,CALU,All,pancan,0.380137,0.877645,,,11,908,,
468,41459174,BMS-270394,CALU,All,pancan,0.797959,-0.255989,,,13,693,,
469,41474533,Bleomycin,CALU,All,pancan,0.0467533,1.98853,,,12,861,,
470,41490782,PIK-93,CALU,All,pancan,0.49178,0.68748,,,16,1090,,
471,41506537,sildenafil,CALU,All,pancan,0.897774,-0.128473,,,13,696,,
472,41527035,CHM-1,CALU,All,pancan,0.880875,-0.14986,,,14,703,,
473,41542124,NVP-231,CALU,All,pancan,0.717716,-0.361513,,,14,684,,
474,41557236,Ulixertinib,CALU,All,pancan,0.0129666,-2.48468,,,11,745,,
475,41572530,IWP-2,CALU,All,pancan,0.813365,0.236088,,,10,723,,
476,41596393,necrostatin-1,CALU,All,pancan,0.58864,-0.540807,,,13,685,,
477,41630684,RG-108,CALU,All,pancan,0.6982,-0.387752,,,14,716,,
478,41646428,Omipalisib,CALU,All,pancan,0.00445301,2.84415,,,12,901,,
479,41662139,AS601245,CALU,All,pancan,0.00404016,2.87501,,,12,861,,
480,41689145,simvastatin,CALU,All,pancan,0.586078,0.544528,,,12,662,,
481,41705180,Rapamycin,CALU,All,pancan,0.160221,1.40433,,,15,1077,,
482,41720752,SCH-529074,CALU,All,pancan,0.692203,-0.395867,,,12,668,,
483,41735503,JQ-1:carboplatin (1:1 mol/mol),CALU,All,pancan,0.602597,-0.52067,,,11,653,,
484,41770796,BRD-K45681478,CALU,All,pancan,0.686789,0.403216,,,14,663,,
485,41786354,SGC0946,CALU,All,pancan,0.286431,1.06598,,,11,893,,
486,41802272,CCT-018159,CALU,All,pancan,0.203,-1.27305,,,12,922,,
487,41817519,selumetinib:BRD-A02303741 (4:1 mol/mol),CALU,All,pancan,0.774295,-0.286761,,,12,684,,
488,41848324,Kobe2602,CALU,All,pancan,0.979721,-0.025419,,,11,898,,
489,41872482,fumonisin B1,CALU,All,pancan,0.14012,1.47535,,,13,711,,
490,41887762,ML203,CALU,All,pancan,0.835899,-0.207142,,,13,705,,
491,41902837,Mdivi-1,CALU,All,pancan,0.710682,0.37094,,,13,682,,
492,41917625,WP1130,CALU,All,pancan,0.451147,0.753504,,,11,667,,
493,41933594,Pictilisib,CALU,All,pancan,0.318532,-0.99748,,,16,1115,,
494,41949873,AZD8931,CALU,All,pancan,0.790556,0.265589,,,12,916,,
495,41966334,UNC0638,CALU,All,pancan,0.109134,1.6021,,,16,1124,,
496,41982360,JNK-9L,CALU,All,pancan,0.35545,0.924069,,,12,869,,
497,42013184,SCH772984,CALU,All,pancan,0.00297444,-2.97037,,,11,788,,
498,42058518,fingolimod,CALU,All,pancan,0.735177,-0.338247,,,13,679,,
499,42082166,EHT-1864,CALU,All,pancan,0.35531,-0.924338,,,12,925,,
500,42119955,NSC319726,CALU,All,pancan,0.236174,1.1846,,,11,896,,
501,42135897,AR-42,CALU,All,pancan,0.574685,-0.561166,,,12,897,,
502,42151888,PARP_9495,CALU,All,pancan,0.284909,1.06936,,,11,918,,
503,42188976,Cabozantinib,CALU,All,pancan,0.527474,0.631866,,,16,1088,,
504,42205717,Sphingosine Kinase 1 Inhibitor II,CALU,All,pancan,0.737767,0.334812,,,15,1098,,
505,42240719,Quizartinib,CALU,All,pancan,0.0353588,2.10422,,,16,1090,,
506,42256987,PD173074,CALU,All,pancan,0.946146,0.0675478,,,12,941,,
507,42322142,AT13148,CALU,All,pancan,0.840292,-0.201521,,,11,730,,
508,42337281,CR-1-31B,CALU,All,pancan,0.767923,0.295093,,,14,711,,
509,42352214,pandacostat,CALU,All,pancan,0.513247,-0.653791,,,12,665,,
510,42370309,SB-743921,CALU,All,pancan,0.348124,0.938234,,,14,704,,
511,42385488,BRD6340,CALU,All,pancan,0.952334,-0.0597756,,,14,705,,
512,42410332,AZD5582,CALU,All,pancan,0.388266,0.862766,,,12,937,,
513,42425720,selumetinib:UNC0638 (4:1 mol/mol),CALU,All,pancan,0.271823,-1.09888,,,13,682,,
514,42440677,vorapaxar,CALU,All,pancan,0.404336,0.833902,,,14,672,,
515,42468190,Cediranib,CALU,All,pancan,0.376266,0.884796,,,12,857,,
516,42493845,GSK650394,CALU,All,pancan,0.00861001,2.62716,,,12,861,,
517,42545687,Obatoclax Mesylate,CALU,All,pancan,0.0179192,2.36728,,,16,1100,,
518,42562027,Parthenolide,CALU,All,pancan,0.854266,-0.183678,,,11,901,,
519,42578536,Serdemetan,CALU,All,pancan,0.903958,-0.120663,,,16,1104,,
520,42594768,T0901317,CALU,All,pancan,0.250416,-1.14934,,,12,901,,
521,42610031,crizotinib:PLX-4032 (2:1 mol/mol),CALU,All,pancan,0.494724,0.682815,,,12,676,,
522,42624968,TG-100-115,CALU,All,pancan,0.62263,-0.492126,,,13,690,,
523,42640137,GMX-1778,CALU,All,pancan,0.508736,0.660807,,,13,720,,
524,42656365,Vorinostat,CALU,All,pancan,0.158437,-1.41035,,,16,1122,,
525,42672099,Ipatasertib,CALU,All,pancan,0.351396,-0.931886,,,11,736,,
526,42687926,Belinostat,CALU,All,pancan,0.851927,-0.18666,,,13,989,,
527,42703473,MLN2238,CALU,All,pancan,0.759091,-0.306675,,,14,705,,
528,42753586,CCT007093,CALU,All,pancan,0.210652,1.25178,,,12,925,,
529,42770007,IC-87114,CALU,All,pancan,0.210545,1.25207,,,15,1100,,
530,42786290,GW843682X,CALU,All,pancan,0.560178,0.582577,,,13,891,,
531,42802347,PF-00299804,CALU,All,pancan,0.70609,-0.377113,,,11,908,,
532,42818770,TW 37,CALU,All,pancan,0.870907,0.162507,,,16,1100,,
533,42835273,Lenalidomide,CALU,All,pancan,0.474497,0.715181,,,13,969,,
534,42864074,Cytarabine,CALU,All,pancan,0.124006,-1.53817,,,12,944,,
535,42879555,Afuresertib,CALU,All,pancan,0.115211,-1.5752,,,11,736,,
536,42907024,tretinoin:navitoclax (4:1 mol/mol),CALU,All,pancan,0.525083,0.635529,,,12,678,,
537,42920406,FQI-1,CALU,All,pancan,0.39606,-0.848679,,,10,405,,
538,42935462,Bexarotene,CALU,All,pancan,0.127106,1.52561,,,16,1061,,
539,42956191,FGFR_0939,CALU,All,pancan,0.262333,1.1209,,,12,916,,
540,42971175,procarbazine,CALU,All,pancan,0.847286,0.192582,,,11,634,,
541,42987025,Nilotinib,CALU,All,pancan,0.221306,1.22306,,,16,1128,,
542,43011422,P22077,CALU,All,pancan,0.47978,0.706656,,,11,736,,
543,43047340,betulinic acid,CALU,All,pancan,0.765525,0.298234,,,13,676,,
544,43062125,BRD-K19103580,CALU,All,pancan,0.694013,-0.393415,,,11,675,,
545,43077635,PF-4708671,CALU,All,pancan,0.0901872,-1.69441,,,12,926,,
546,43112900,PL-DI,CALU,All,pancan,0.374835,0.887453,,,13,674,,
547,43128591,LCL161,CALU,All,pancan,0.260325,1.12562,,,12,937,,
548,43143855,tretinoin:carboplatin (2:1 mol/mol),CALU,All,pancan,0.673416,-0.421464,,,12,665,,
549,43169437,NPC-26,CALU,All,pancan,0.511218,0.656943,,,12,677,,
550,43193848,SB505124,CALU,All,pancan,0.186929,1.31972,,,13,954,,
551,43209269,WAY-362450,CALU,All,pancan,0.0429543,2.02415,,,14,696,,
552,43223999,momelotinib,CALU,All,pancan,0.749322,-0.319533,,,12,657,,
553,43239017,CHEMBL1222381,CALU,All,pancan,0.123576,-1.53993,,,14,720,,
554,43255228,AZD8055,CALU,All,pancan,0.497698,-0.678116,,,16,1109,,
555,43271063,zebularine,CALU,All,pancan,0.832407,-0.211615,,,13,724,,
556,43294953,ML210,CALU,All,pancan,0.513563,0.653301,,,13,696,,
557,43321020,triptolide,CALU,All,pancan,0.364525,-0.906776,,,13,722,,
558,43344588,SNS-032,CALU,All,pancan,0.725274,-0.351419,,,14,638,,
559,43359536,GNE-317,CALU,All,pancan,0.329301,-0.975524,,,11,736,,
560,43374507,ML258,CALU,All,pancan,0.242971,1.16759,,,13,690,,
561,43405085,Uprosertib,CALU,All,pancan,0.0248481,-2.24376,,,11,787,,
562,43420357,BRD4132,CALU,All,pancan,0.389851,-0.859888,,,14,673,,
563,43438680,tipifarnib-P1,CALU,All,pancan,0.515297,0.650611,,,14,714,,
564,43453547,BRD-K61166597,CALU,All,pancan,0.218653,-1.23012,,,12,639,,
565,43469066,Cyclophosphamide,CALU,All,pancan,0.069997,1.81193,,,14,877,,
566,43485528,OSI-027,CALU,All,pancan,0.0824274,1.73677,,,16,1104,,
567,43516016,Selisistat,CALU,All,pancan,0.0535347,1.93058,,,16,1078,,
568,43547172,3-Cl-AHPC,CALU,All,pancan,0.341137,-0.95192,,,13,695,,
569,43577444,NSC 74859,CALU,All,pancan,0.779577,0.27987,,,12,701,,
570,43620220,AZD2014,CALU,All,pancan,0.879402,0.151728,,,12,936,,
571,43650711,BRD-K03536150,CALU,All,pancan,0.691001,-0.397498,,,14,661,,
572,43665700,VE821,CALU,All,pancan,0.302865,-1.03031,,,11,730,,
573,43681719,Doramapimod,CALU,All,pancan,0.532504,0.624188,,,16,1089,,
574,43698673,AMG-319,CALU,All,pancan,0.813651,0.235718,,,11,734,,
575,43713687,SGX-523,CALU,All,pancan,0.807235,-0.243995,,,13,690,,
576,43731480,"CAP-232, TT-232, TLN-232",CALU,All,pancan,0.0290678,2.18257,,,11,898,,
577,43747017,Merck60,CALU,All,pancan,0.0791595,-1.75558,,,13,725,,
578,43762338,neratinib,CALU,All,pancan,0.319743,-0.994987,,,13,724,,
579,43777558,16-beta-bromoandrosterone,CALU,All,pancan,0.2279,-1.20579,,,12,691,,
580,43792146,BRD-K94991378,CALU,All,pancan,0.149303,1.442,,,13,629,,
581,43807664,Pemetrexed,CALU,All,pancan,0.503104,0.669614,,,13,940,,
582,43840873,EphB4_9721,CALU,All,pancan,0.00242896,3.03205,,,12,916,,
583,43874595,ciclopirox,CALU,All,pancan,0.593635,-0.533576,,,14,697,,
584,43913850,BRD-A02303741:navitoclax (2:1 mol/mol),CALU,All,pancan,0.63427,0.475726,,,11,645,,
585,43929770,BMS-345541,CALU,All,pancan,0.895424,0.131444,,,16,1105,,
586,43957061,piperlongumine:MST-312 (1:1 mol/mol),CALU,All,pancan,0.901352,0.123953,,,11,626,,
587,43978422,NSC30930,CALU,All,pancan,0.36494,0.905991,,,13,694,,
588,43993370,BRD-K66453893,CALU,All,pancan,0.880318,0.150566,,,13,679,,
589,44008424,pluripotin,CALU,All,pancan,0.447579,0.759458,,,14,713,,
590,44024133,IOX2,CALU,All,pancan,0.085786,1.71806,,,11,912,,
591,44039627,cerulenin,CALU,All,pancan,0.61253,-0.506465,,,13,712,,
592,44054701,GSK4112,CALU,All,pancan,0.605812,0.51606,,,14,694,,
593,44070409,AZD6738,CALU,All,pancan,0.887177,-0.141877,,,12,938,,
594,44097239,barasertib,CALU,All,pancan,0.920385,0.0999486,,,14,678,,
595,44110021,BRD-K03911514,CALU,All,pancan,0.377239,0.882994,,,10,363,,
596,44123296,JQ-1:UNC0638 (2:1 mol/mol),CALU,All,pancan,0.623966,-0.490237,,,12,632,,
597,44138765,Vinorelbine,CALU,All,pancan,0.0411565,2.04195,,,13,923,,
598,44169469,WEHI-539,CALU,All,pancan,0.627215,-0.48565,,,11,736,,
599,44184367,BRD-A02303741:carboplatin (1:1 mol/mol),CALU,All,pancan,0.367746,-0.900703,,,12,673,,
600,44206024,PHA-665752,CALU,All,pancan,0.0935914,1.67675,,,12,742,,
601,44222046,MK-1775,CALU,All,pancan,0.872676,0.16026,,,15,1005,,
602,44252485,YL54,CALU,All,pancan,0.731403,0.343259,,,13,634,,
603,44279861,AC55649,CALU,All,pancan,0.922918,0.0967582,,,13,703,,
604,44294635,BRD-K02251932,CALU,All,pancan,0.820617,-0.226751,,,12,633,,
605,44310071,Lestaurtinib,CALU,All,pancan,0.806194,-0.245339,,,12,931,,
606,44326290,NVP-ADW742,CALU,All,pancan,0.132268,1.50522,,,15,982,,
607,44341754,DBeQ,CALU,All,pancan,0.79092,0.265116,,,14,677,,
608,44357535,AZD1480,CALU,All,pancan,0.334706,0.964679,,,12,998,,
609,44374029,PAC-1,CALU,All,pancan,0.764706,-0.299306,,,16,1065,,
610,44389646,doxorubicin:navitoclax (2:1 mol/mol),CALU,All,pancan,0.392914,0.854345,,,14,685,,
611,44404644,JQ-1:navitoclax (2:1 mol/mol),CALU,All,pancan,0.536989,-0.617373,,,13,691,,
612,44428950,TTK_3146,CALU,All,pancan,0.0734947,1.78975,,,12,916,,
613,44444211,fluvastatin,CALU,All,pancan,0.767851,0.295187,,,14,670,,
614,44460231,AZD7762,CALU,All,pancan,0.840506,0.201246,,,16,1119,,
615,44491423,Dactinomycin,CALU,All,pancan,0.823925,-0.2225,,,11,785,,
616,44506629,NSC48300,CALU,All,pancan,0.919643,-0.100884,,,14,690,,
617,44522160,SB216763,CALU,All,pancan,0.210506,1.25218,,,11,854,,
618,44537486,PD318088,CALU,All,pancan,0.0711012,-1.80483,,,14,703,,
619,44552108,Repligen 136,CALU,All,pancan,0.264734,-1.11527,,,11,614,,
620,44573570,azacitidine,CALU,All,pancan,0.235419,1.18651,,,13,655,,
621,44588584,CI-976,CALU,All,pancan,0.671793,0.423689,,,13,696,,
622,44603636,selumetinib:GDC-0941 (4:1 mol/mol),CALU,All,pancan,0.0813369,-1.74298,,,14,682,,
623,44618151,selumetinib:decitabine (4:1 mol/mol),CALU,All,pancan,0.451174,-0.753459,,,11,631,,
624,44632616,vorinostat:navitoclax (4:1 mol/mol),CALU,All,pancan,0.704238,-0.379605,,,11,653,,
625,44647593,PRL-3 Inhibitor I,CALU,All,pancan,0.586911,0.543318,,,14,698,,
626,44680575,BRD-K80183349,CALU,All,pancan,0.133162,-1.50175,,,14,675,,
627,44695355,carboplatin:UNC0638 (2:1 mol/mol),CALU,All,pancan,0.363648,0.908437,,,12,643,,
628,44710885,Torin 2,CALU,All,pancan,0.937151,0.0788509,,,11,908,,
629,44735972,GW441756,CALU,All,pancan,0.318591,0.997357,,,12,931,,
630,44751237,BRD-K34222889,CALU,All,pancan,0.630102,0.481583,,,12,685,,
631,44800387,Flavopiridol,CALU,All,pancan,0.592682,0.534954,,,11,898,,
632,44816392,Irinotecan,CALU,All,pancan,0.373019,-0.890833,,,13,865,,
633,44847757,AICA Ribonucleotide,CALU,All,pancan,0.332234,0.969623,,,12,931,,
634,44863200,PRIMA-1,CALU,All,pancan,0.655493,0.446144,,,13,680,,
635,44879340,Fedratinib,CALU,All,pancan,0.230377,1.19939,,,16,1097,,
636,44894737,BRD-K92856060,CALU,All,pancan,0.426518,-0.795165,,,12,650,,
637,44918303,JQ-1:MK-0752 (1:1 mol/mol),CALU,All,pancan,0.148244,-1.44576,,,12,661,,
638,44946909,CP466722,CALU,All,pancan,0.0348684,2.10988,,,12,904,,
639,44962179,BRD-K70511574,CALU,All,pancan,0.894543,-0.132558,,,14,677,,
640,44976791,bardoxolone methyl,CALU,All,pancan,0.795646,0.258986,,,13,607,,
641,44991449,KX2-391,CALU,All,pancan,0.860361,-0.175915,,,13,673,,
642,45006202,HC-067047,CALU,All,pancan,0.751088,0.317206,,,14,658,,
643,45033291,GSK461364,CALU,All,pancan,0.785389,-0.272303,,,13,674,,
644,45048986,Luminespib,CALU,All,pancan,0.0722533,1.79752,,,13,930,,
645,45064773,HG6-64-1,CALU,All,pancan,0.0122874,2.50378,,,12,869,,
646,45081054,Linifanib,CALU,All,pancan,0.365141,0.905613,,,16,1097,,
647,45097480,LDN-193189,CALU,All,pancan,0.46022,0.738484,,,13,933,,
648,45113101,phloretin,CALU,All,pancan,0.411513,-0.821233,,,13,702,,
649,45137918,I-BET-762,CALU,All,pancan,0.745246,0.324914,,,16,1111,,
650,45153383,XL765,CALU,All,pancan,0.60224,-0.521182,,,12,667,,
651,45168377,WIKI4,CALU,All,pancan,0.389737,-0.860094,,,11,736,,
652,45184486,Afatinib,CALU,All,pancan,0.295584,-1.04595,,,15,1099,,
653,45226207,UMI-77,CALU,All,pancan,0.49567,0.681318,,,11,736,,
654,45241853,CUDC-101,CALU,All,pancan,0.641231,0.465978,,,12,897,,
655,45257110,IU1,CALU,All,pancan,0.377292,-0.882897,,,13,665,,
656,45271912,selumetinib:tretinoin (2:1 mol/mol),CALU,All,pancan,0.0694566,-1.81544,,,13,667,,
657,45287246,Taselisib,CALU,All,pancan,0.115951,-1.572,,,11,789,,
658,45302671,ML030,CALU,All,pancan,0.586155,0.544417,,,13,721,,
659,45336219,Etoposide,CALU,All,pancan,0.30455,1.02673,,,16,1083,,
660,45363377,Talazoparib,CALU,All,pancan,0.738475,0.333873,,,12,934,,
661,45379389,TAK-715,CALU,All,pancan,0.606473,0.515115,,,12,904,,
662,45394986,L-685458,CALU,All,pancan,0.984285,0.019697,,,15,764,,
663,45410791,FGFR_3831,CALU,All,pancan,0.0695732,1.81468,,,12,916,,
664,45441976,NG-25,CALU,All,pancan,0.15618,1.41804,,,12,899,,
665,45464265,cytarabine hydrochloride,CALU,All,pancan,0.349645,-0.935279,,,13,689,,
666,45505892,AA-COCF3,CALU,All,pancan,0.973349,0.033408,,,13,712,,
667,45521652,BIBF-1120,CALU,All,pancan,0.748988,-0.319975,,,11,908,,
668,45537618,BIX02189,CALU,All,pancan,0.189142,1.31312,,,12,899,,
669,45553068,AGI-5198,CALU,All,pancan,0.156326,-1.41754,,,11,736,,
670,45583939,Staurosporine,CALU,All,pancan,0.0295022,2.17671,,,13,831,,
671,45600373,Tretinoin,CALU,All,pancan,0.551811,0.595049,,,16,1118,,
672,45616652,kb NB 142-70,CALU,All,pancan,0.320679,0.993064,,,11,908,,
673,45632618,NPK76-II-72-1,CALU,All,pancan,0.129716,1.51522,,,12,899,,
674,45648143,parbendazole,CALU,All,pancan,0.846031,0.194185,,,14,722,,
675,45663244,trifluoperazine,CALU,All,pancan,0.173006,-1.36261,,,13,659,,
676,45676074,BRD-K99584050,CALU,All,pancan,0.618782,-0.497577,,,10,360,,
677,45690335,CIL55A,CALU,All,pancan,0.507659,-0.662487,,,10,398,,
678,45704975,Ispinesib Mesylate,CALU,All,pancan,0.0231931,2.27024,,,12,904,,
679,45736162,ZM447439,CALU,All,pancan,0.901524,0.123736,,,12,931,,
680,45752119,GSK690693,CALU,All,pancan,0.465025,0.730597,,,12,901,,
681,45785850,Bleomycin (10 uM),CALU,All,pancan,0.933335,-0.0836495,,,11,918,,
682,45801345,BIX-01294,CALU,All,pancan,0.661393,0.437991,,,14,707,,
683,45817426,JNJ38877605,CALU,All,pancan,0.369071,-0.898214,,,11,908,,
684,45833824,AZD6482,CALU,All,pancan,0.853226,0.185004,,,16,1115,,
685,45849351,SB-431542,CALU,All,pancan,0.492217,-0.686787,,,14,676,,
686,45867460,MIM1,CALU,All,pancan,0.0695185,1.81504,,,12,934,,
687,45882929,CHEMBL374350,CALU,All,pancan,0.303699,-1.02853,,,12,678,,
688,45897932,ISOX,CALU,All,pancan,0.260288,-1.12571,,,11,695,,
689,45913576,LFM-A13,CALU,All,pancan,0.0293078,2.17932,,,14,894,,
690,45928843,tanespimycin:gemcitabine (1:1 mol/mol),CALU,All,pancan,0.783151,0.275215,,,12,673,,
691,45943799,I-BET151,CALU,All,pancan,0.247067,-1.1575,,,14,702,,
692,45959209,EPZ5676,CALU,All,pancan,0.465658,0.729563,,,11,785,,
693,45975029,Motesanib,CALU,All,pancan,0.00745869,2.67564,,,12,929,,
